NULL,NULL,NULL,1,1,"A-AA",1,"comprehensive","A.","AA","male","1943-01-01",1,NULL,NULL,0,"2010-01-01",NULL
NULL,NULL,NULL,2,1,"B-AA",2,"comprehensive","B.","AA","male","1955-01-01",1,NULL,NULL,0,"2010-07-01",NULL
NULL,NULL,NULL,3,1,"C-AA",3,"comprehensive","C.","AA","male","1952-01-01",1,NULL,NULL,0,"2011-01-01",NULL
NULL,NULL,NULL,4,1,"D-AA",1,"comprehensive","D.","AA","male","1941-01-01",1,"deceased",NULL,0,NULL,NULL
NULL,NULL,NULL,5,1,"E-AA",2,"comprehensive","E.","AA","male","1951-01-01",1,NULL,"en",0,NULL,NULL
NULL,NULL,NULL,6,1,"F-AA",3,"comprehensive","F.","AA","male","1961-01-01",1,NULL,"fr",0,NULL,NULL
NULL,NULL,NULL,7,1,"G-AA",1,"comprehensive","G.","AA","male","1929-01-01",1,NULL,NULL,0,NULL,NULL
NULL,NULL,NULL,8,1,"H-AA",2,"comprehensive","H.","AA","female","1937-01-01",1,NULL,NULL,0,NULL,NULL
NULL,NULL,NULL,9,1,"I-AA",3,"comprehensive","I.","AA","female","1961-01-01",1,NULL,NULL,0,NULL,NULL
NULL,NULL,NULL,10,1,"J-AA",1,"comprehensive","J.","AA","female","1966-01-01",1,NULL,NULL,0,NULL,NULL
NULL,NULL,NULL,11,1,"K-AA",2,"comprehensive","K.","AA","female","1948-01-01",1,NULL,NULL,0,NULL,NULL
NULL,NULL,NULL,12,1,"L-AA",3,"comprehensive","L.","AA","female","1931-01-01",1,NULL,NULL,0,NULL,NULL
NULL,NULL,NULL,13,1,"M-AA",1,"comprehensive","M.","AA","female","1927-01-01",1,NULL,NULL,0,NULL,NULL
NULL,NULL,NULL,14,1,"N-AA",2,"comprehensive","N.","AA","female","1931-01-01",1,NULL,NULL,0,NULL,NULL
NULL,NULL,NULL,15,1,"O-AA",3,"comprehensive","O.","AA","male","1927-01-01",1,NULL,NULL,0,NULL,NULL
NULL,NULL,NULL,16,1,"P-AA",1,"comprehensive","P.","AA","male","1938-01-01",1,NULL,NULL,0,NULL,NULL
NULL,NULL,NULL,17,1,"Q-AA",2,"comprehensive","Q.","AA","male","1929-01-01",1,NULL,NULL,0,NULL,NULL
NULL,NULL,NULL,18,1,"R-AA",3,"comprehensive","R.","AA","male","1956-01-01",1,NULL,NULL,0,NULL,NULL
NULL,NULL,NULL,19,1,"S-AA",1,"comprehensive","S.","AA","male","1932-01-01",1,NULL,NULL,0,NULL,NULL
NULL,NULL,NULL,20,1,"T-AA",2,"comprehensive","T.","AA","male","1953-01-01",1,NULL,NULL,0,NULL,NULL
NULL,NULL,NULL,21,1,"U-AA",3,"comprehensive","U.","AA","male","1931-01-01",1,NULL,NULL,0,NULL,NULL
NULL,NULL,NULL,22,1,"V-AA",1,"comprehensive","V.","AA","female","1962-01-01",1,NULL,NULL,0,NULL,NULL
NULL,NULL,NULL,23,1,"W-AA",2,"comprehensive","W.","AA","female","1955-01-01",1,NULL,NULL,0,NULL,NULL
NULL,NULL,NULL,24,1,"X-AA",3,"comprehensive","X.","AA","female","1929-01-01",1,NULL,NULL,0,NULL,NULL
NULL,NULL,NULL,25,1,"Y-AA",1,"comprehensive","Y.","AA","female","1930-01-01",1,NULL,NULL,0,NULL,NULL
NULL,NULL,NULL,26,1,"Z-AA",2,"comprehensive","Z.","AA","female","1945-01-01",1,NULL,NULL,0,NULL,NULL
NULL,NULL,NULL,27,1,"A-AB",3,"comprehensive","A.","AB","female","1954-01-01",1,NULL,NULL,0,"2010-01-01",NULL
NULL,NULL,NULL,28,1,"B-AB",1,"comprehensive","B.","AB","female","1935-01-01",1,NULL,NULL,0,"2010-07-01",NULL
NULL,NULL,NULL,29,1,"C-AB",2,"comprehensive","C.","AB","male","1963-01-01",1,NULL,NULL,0,"2011-01-01",NULL
NULL,NULL,NULL,30,1,"D-AB",3,"comprehensive","D.","AB","male","1962-01-01",1,"deceased",NULL,0,NULL,NULL
NULL,NULL,NULL,31,1,"E-AB",1,"comprehensive","E.","AB","male","1935-01-01",1,NULL,"en",0,NULL,NULL
NULL,NULL,NULL,32,1,"F-AB",2,"comprehensive","F.","AB","male","1955-01-01",1,NULL,"fr",0,NULL,NULL
NULL,NULL,NULL,33,1,"G-AB",3,"comprehensive","G.","AB","male","1952-01-01",1,NULL,NULL,0,NULL,NULL
NULL,NULL,NULL,34,1,"H-AB",1,"comprehensive","H.","AB","male","1926-01-01",1,NULL,NULL,0,NULL,NULL
NULL,NULL,NULL,35,1,"I-AB",2,"comprehensive","I.","AB","male","1963-01-01",1,NULL,NULL,0,NULL,NULL
NULL,NULL,NULL,36,1,"J-AB",3,"comprehensive","J.","AB","female","1936-01-01",1,NULL,NULL,0,NULL,NULL
NULL,NULL,NULL,37,1,"K-AB",1,"comprehensive","K.","AB","female","1936-01-01",1,NULL,NULL,0,NULL,NULL
NULL,NULL,NULL,38,1,"L-AB",2,"comprehensive","L.","AB","female","1927-01-01",1,NULL,NULL,0,NULL,NULL
NULL,NULL,NULL,39,1,"M-AB",3,"comprehensive","M.","AB","female","1949-01-01",1,NULL,NULL,0,NULL,NULL
NULL,NULL,NULL,40,1,"N-AB",1,"comprehensive","N.","AB","female","1962-01-01",1,NULL,NULL,0,NULL,NULL
NULL,NULL,NULL,41,1,"O-AB",2,"comprehensive","O.","AB","female","1937-01-01",1,NULL,NULL,0,NULL,NULL
NULL,NULL,NULL,42,1,"P-AB",3,"comprehensive","P.","AB","female","1965-01-01",1,NULL,NULL,0,NULL,NULL
NULL,NULL,NULL,43,1,"Q-AB",1,"comprehensive","Q.","AB","male","1928-01-01",1,NULL,NULL,0,NULL,NULL
NULL,NULL,NULL,44,1,"R-AB",2,"comprehensive","R.","AB","male","1928-01-01",1,NULL,NULL,0,NULL,NULL
NULL,NULL,NULL,45,1,"S-AB",3,"comprehensive","S.","AB","male","1928-01-01",1,NULL,NULL,0,NULL,NULL
NULL,NULL,NULL,46,1,"T-AB",1,"comprehensive","T.","AB","male","1928-01-01",1,NULL,NULL,0,NULL,NULL
NULL,NULL,NULL,47,1,"U-AB",2,"comprehensive","U.","AB","male","1937-01-01",1,NULL,NULL,0,NULL,NULL
NULL,NULL,NULL,48,1,"V-AB",3,"comprehensive","V.","AB","male","1948-01-01",1,NULL,NULL,0,NULL,NULL
NULL,NULL,NULL,49,1,"W-AB",1,"comprehensive","W.","AB","male","1959-01-01",1,NULL,NULL,0,NULL,NULL
NULL,NULL,NULL,50,1,"X-AB",2,"comprehensive","X.","AB","female","1943-01-01",1,NULL,NULL,0,NULL,NULL
NULL,NULL,NULL,51,1,"Y-AB",3,"comprehensive","Y.","AB","female","1935-01-01",1,NULL,NULL,0,NULL,NULL
NULL,NULL,NULL,52,1,"Z-AB",1,"comprehensive","Z.","AB","female","1964-01-01",1,NULL,NULL,0,NULL,NULL
NULL,NULL,NULL,53,1,"A-AC",2,"comprehensive","A.","AC","female","1939-01-01",1,NULL,NULL,0,"2010-01-01",NULL
NULL,NULL,NULL,54,1,"B-AC",3,"comprehensive","B.","AC","female","1964-01-01",1,NULL,NULL,0,"2010-07-01",NULL
NULL,NULL,NULL,55,1,"C-AC",1,"comprehensive","C.","AC","female","1927-01-01",1,NULL,NULL,0,"2011-01-01",NULL
NULL,NULL,NULL,56,1,"D-AC",2,"comprehensive","D.","AC","female","1943-01-01",1,"deceased",NULL,0,NULL,NULL
NULL,NULL,NULL,57,1,"E-AC",3,"comprehensive","E.","AC","male","1932-01-01",1,NULL,"en",0,NULL,NULL
NULL,NULL,NULL,58,1,"F-AC",1,"comprehensive","F.","AC","male","1930-01-01",1,NULL,"fr",0,NULL,NULL
NULL,NULL,NULL,59,1,"G-AC",2,"comprehensive","G.","AC","male","1947-01-01",1,NULL,NULL,0,NULL,NULL
NULL,NULL,NULL,60,1,"H-AC",3,"comprehensive","H.","AC","male","1947-01-01",1,NULL,NULL,0,NULL,NULL
NULL,NULL,NULL,61,1,"I-AC",1,"comprehensive","I.","AC","male","1953-01-01",1,NULL,NULL,0,NULL,NULL
NULL,NULL,NULL,62,1,"J-AC",2,"comprehensive","J.","AC","male","1960-01-01",1,NULL,NULL,0,NULL,NULL
NULL,NULL,NULL,63,1,"K-AC",3,"comprehensive","K.","AC","male","1943-01-01",1,NULL,NULL,0,NULL,NULL
NULL,NULL,NULL,64,1,"L-AC",1,"comprehensive","L.","AC","female","1943-01-01",1,NULL,NULL,0,NULL,NULL
NULL,NULL,NULL,65,1,"M-AC",2,"comprehensive","M.","AC","female","1956-01-01",1,NULL,NULL,0,NULL,NULL
NULL,NULL,NULL,66,1,"N-AC",3,"comprehensive","N.","AC","female","1964-01-01",1,NULL,NULL,0,NULL,NULL
NULL,NULL,NULL,67,1,"O-AC",1,"comprehensive","O.","AC","female","1933-01-01",1,NULL,NULL,0,NULL,NULL
NULL,NULL,NULL,68,1,"P-AC",2,"comprehensive","P.","AC","female","1941-01-01",1,NULL,NULL,0,NULL,NULL
NULL,NULL,NULL,69,1,"Q-AC",3,"comprehensive","Q.","AC","female","1955-01-01",1,NULL,NULL,0,NULL,NULL
NULL,NULL,NULL,70,1,"R-AC",1,"comprehensive","R.","AC","female","1927-01-01",1,NULL,NULL,0,NULL,NULL
NULL,NULL,NULL,71,1,"S-AC",2,"comprehensive","S.","AC","male","1965-01-01",1,NULL,NULL,0,NULL,NULL
NULL,NULL,NULL,72,1,"T-AC",3,"comprehensive","T.","AC","male","1935-01-01",1,NULL,NULL,0,NULL,NULL
NULL,NULL,NULL,73,1,"U-AC",1,"comprehensive","U.","AC","male","1956-01-01",1,NULL,NULL,0,NULL,NULL
NULL,NULL,NULL,74,1,"V-AC",2,"comprehensive","V.","AC","male","1950-01-01",1,NULL,NULL,0,NULL,NULL
NULL,NULL,NULL,75,1,"W-AC",3,"comprehensive","W.","AC","male","1931-01-01",1,NULL,NULL,0,NULL,NULL
NULL,NULL,NULL,76,1,"X-AC",1,"comprehensive","X.","AC","male","1944-01-01",1,NULL,NULL,0,NULL,NULL
NULL,NULL,NULL,77,1,"Y-AC",2,"comprehensive","Y.","AC","male","1934-01-01",1,NULL,NULL,0,NULL,NULL
NULL,NULL,NULL,78,1,"Z-AC",3,"comprehensive","Z.","AC","female","1926-01-01",1,NULL,NULL,0,NULL,NULL
NULL,NULL,NULL,79,1,"A-AD",1,"comprehensive","A.","AD","female","1958-01-01",1,NULL,NULL,0,"2010-01-01",NULL
NULL,NULL,NULL,80,1,"B-AD",2,"comprehensive","B.","AD","female","1956-01-01",1,NULL,NULL,0,"2010-07-01",NULL
NULL,NULL,NULL,81,1,"C-AD",3,"comprehensive","C.","AD","female","1957-01-01",1,NULL,NULL,0,"2011-01-01",NULL
NULL,NULL,NULL,82,1,"D-AD",1,"comprehensive","D.","AD","female","1934-01-01",1,"deceased",NULL,0,NULL,NULL
NULL,NULL,NULL,83,1,"E-AD",2,"comprehensive","E.","AD","female","1950-01-01",1,NULL,"en",0,NULL,NULL
NULL,NULL,NULL,84,1,"F-AD",3,"comprehensive","F.","AD","female","1936-01-01",1,NULL,"fr",0,NULL,NULL
NULL,NULL,NULL,85,1,"G-AD",1,"comprehensive","G.","AD","male","1930-01-01",1,NULL,NULL,0,NULL,NULL
NULL,NULL,NULL,86,1,"H-AD",2,"comprehensive","H.","AD","male","1938-01-01",1,NULL,NULL,0,NULL,NULL
NULL,NULL,NULL,87,1,"I-AD",3,"comprehensive","I.","AD","male","1951-01-01",1,NULL,NULL,0,NULL,NULL
NULL,NULL,NULL,88,1,"J-AD",1,"comprehensive","J.","AD","male","1937-01-01",1,NULL,NULL,0,NULL,NULL
NULL,NULL,NULL,89,1,"K-AD",2,"comprehensive","K.","AD","male","1942-01-01",1,NULL,NULL,0,NULL,NULL
NULL,NULL,NULL,90,1,"L-AD",3,"comprehensive","L.","AD","male","1932-01-01",1,NULL,NULL,0,NULL,NULL
NULL,NULL,NULL,91,1,"M-AD",1,"comprehensive","M.","AD","male","1957-01-01",1,NULL,NULL,0,NULL,NULL
NULL,NULL,NULL,92,1,"N-AD",2,"comprehensive","N.","AD","female","1929-01-01",1,NULL,NULL,0,NULL,NULL
NULL,NULL,NULL,93,1,"O-AD",3,"comprehensive","O.","AD","female","1926-01-01",1,NULL,NULL,0,NULL,NULL
NULL,NULL,NULL,94,1,"P-AD",1,"comprehensive","P.","AD","female","1935-01-01",1,NULL,NULL,0,NULL,NULL
NULL,NULL,NULL,95,1,"Q-AD",2,"comprehensive","Q.","AD","female","1946-01-01",1,NULL,NULL,0,NULL,NULL
NULL,NULL,NULL,96,1,"R-AD",3,"comprehensive","R.","AD","female","1964-01-01",1,NULL,NULL,0,NULL,NULL
NULL,NULL,NULL,97,1,"S-AD",1,"comprehensive","S.","AD","female","1961-01-01",1,NULL,NULL,0,NULL,NULL
NULL,NULL,NULL,98,1,"T-AD",2,"comprehensive","T.","AD","female","1929-01-01",1,NULL,NULL,0,NULL,NULL
NULL,NULL,NULL,99,1,"U-AD",3,"comprehensive","U.","AD","male","1938-01-01",1,NULL,NULL,0,NULL,NULL
NULL,NULL,NULL,100,1,"V-AD",1,"comprehensive","V.","AD","male","1954-01-01",1,NULL,NULL,0,NULL,NULL
NULL,NULL,NULL,101,1,"W-AD",2,"comprehensive","W.","AD","male","1946-01-01",1,NULL,NULL,0,NULL,NULL
NULL,NULL,NULL,102,1,"X-AD",3,"comprehensive","X.","AD","male","1960-01-01",1,NULL,NULL,0,NULL,NULL
NULL,NULL,NULL,103,1,"Y-AD",1,"comprehensive","Y.","AD","male","1962-01-01",1,NULL,NULL,0,NULL,NULL
NULL,NULL,NULL,104,1,"Z-AD",2,"comprehensive","Z.","AD","male","1936-01-01",1,NULL,NULL,0,NULL,NULL
NULL,NULL,NULL,105,1,"A-AE",3,"comprehensive","A.","AE","male","1942-01-01",1,NULL,NULL,0,"2010-01-01",NULL
NULL,NULL,NULL,106,1,"B-AE",1,"comprehensive","B.","AE","female","1932-01-01",1,NULL,NULL,0,"2010-07-01",NULL
NULL,NULL,NULL,107,1,"C-AE",2,"comprehensive","C.","AE","female","1940-01-01",1,NULL,NULL,0,"2011-01-01",NULL
NULL,NULL,NULL,108,1,"D-AE",3,"comprehensive","D.","AE","female","1949-01-01",1,"deceased",NULL,0,NULL,NULL
NULL,NULL,NULL,109,1,"E-AE",1,"comprehensive","E.","AE","female","1939-01-01",1,NULL,"en",0,NULL,NULL
NULL,NULL,NULL,110,1,"F-AE",2,"comprehensive","F.","AE","female","1963-01-01",1,NULL,"fr",0,NULL,NULL
NULL,NULL,NULL,111,1,"G-AE",3,"comprehensive","G.","AE","female","1957-01-01",1,NULL,NULL,0,NULL,NULL
NULL,NULL,NULL,112,1,"H-AE",1,"comprehensive","H.","AE","female","1962-01-01",1,NULL,NULL,0,NULL,NULL
NULL,NULL,NULL,113,1,"I-AE",2,"comprehensive","I.","AE","male","1946-01-01",1,NULL,NULL,0,NULL,NULL
NULL,NULL,NULL,114,1,"J-AE",3,"comprehensive","J.","AE","male","1956-01-01",1,NULL,NULL,0,NULL,NULL
NULL,NULL,NULL,115,1,"K-AE",1,"comprehensive","K.","AE","male","1951-01-01",1,NULL,NULL,0,NULL,NULL
NULL,NULL,NULL,116,1,"L-AE",2,"comprehensive","L.","AE","male","1957-01-01",1,NULL,NULL,0,NULL,NULL
NULL,NULL,NULL,117,1,"M-AE",3,"comprehensive","M.","AE","male","1960-01-01",1,NULL,NULL,0,NULL,NULL
NULL,NULL,NULL,118,1,"N-AE",1,"comprehensive","N.","AE","male","1950-01-01",1,NULL,NULL,0,NULL,NULL
NULL,NULL,NULL,119,1,"O-AE",2,"comprehensive","O.","AE","male","1946-01-01",1,NULL,NULL,0,NULL,NULL
NULL,NULL,NULL,120,1,"P-AE",3,"comprehensive","P.","AE","female","1955-01-01",1,NULL,NULL,0,NULL,NULL
NULL,NULL,NULL,121,1,"Q-AE",1,"comprehensive","Q.","AE","female","1952-01-01",1,NULL,NULL,0,NULL,NULL
NULL,NULL,NULL,122,1,"R-AE",2,"comprehensive","R.","AE","female","1962-01-01",1,NULL,NULL,0,NULL,NULL
NULL,NULL,NULL,123,1,"S-AE",3,"comprehensive","S.","AE","female","1954-01-01",1,NULL,NULL,0,NULL,NULL
NULL,NULL,NULL,124,1,"T-AE",1,"comprehensive","T.","AE","female","1950-01-01",1,NULL,NULL,0,NULL,NULL
NULL,NULL,NULL,125,1,"U-AE",2,"comprehensive","U.","AE","female","1962-01-01",1,NULL,NULL,0,NULL,NULL
NULL,NULL,NULL,126,1,"V-AE",3,"comprehensive","V.","AE","female","1939-01-01",1,NULL,NULL,0,NULL,NULL
NULL,NULL,NULL,127,1,"W-AE",1,"comprehensive","W.","AE","male","1948-01-01",1,NULL,NULL,0,NULL,NULL
NULL,NULL,NULL,128,1,"X-AE",2,"comprehensive","X.","AE","male","1957-01-01",1,NULL,NULL,0,NULL,NULL
NULL,NULL,NULL,129,1,"Y-AE",3,"comprehensive","Y.","AE","male","1942-01-01",1,NULL,NULL,0,NULL,NULL
NULL,NULL,NULL,130,1,"Z-AE",1,"comprehensive","Z.","AE","male","1960-01-01",1,NULL,NULL,0,NULL,NULL
NULL,NULL,NULL,131,1,"A-AF",2,"comprehensive","A.","AF","male","1945-01-01",1,NULL,NULL,0,"2010-01-01",NULL
NULL,NULL,NULL,132,1,"B-AF",3,"comprehensive","B.","AF","male","1962-01-01",1,NULL,NULL,0,"2010-07-01",NULL
NULL,NULL,NULL,133,1,"C-AF",1,"comprehensive","C.","AF","male","1954-01-01",1,NULL,NULL,0,"2011-01-01",NULL
NULL,NULL,NULL,134,1,"D-AF",2,"comprehensive","D.","AF","female","1941-01-01",1,"deceased",NULL,0,NULL,NULL
NULL,NULL,NULL,135,1,"E-AF",3,"comprehensive","E.","AF","female","1943-01-01",1,NULL,"en",0,NULL,NULL
NULL,NULL,NULL,136,1,"F-AF",1,"comprehensive","F.","AF","female","1956-01-01",1,NULL,"fr",0,NULL,NULL
NULL,NULL,NULL,137,1,"G-AF",2,"comprehensive","G.","AF","female","1929-01-01",1,NULL,NULL,0,NULL,NULL
NULL,NULL,NULL,138,1,"H-AF",3,"comprehensive","H.","AF","female","1954-01-01",1,NULL,NULL,0,NULL,NULL
NULL,NULL,NULL,139,1,"I-AF",1,"comprehensive","I.","AF","female","1931-01-01",1,NULL,NULL,0,NULL,NULL
NULL,NULL,NULL,140,1,"J-AF",2,"comprehensive","J.","AF","female","1962-01-01",1,NULL,NULL,0,NULL,NULL
NULL,NULL,NULL,141,1,"K-AF",3,"comprehensive","K.","AF","male","1949-01-01",1,NULL,NULL,0,NULL,NULL
NULL,NULL,NULL,142,1,"L-AF",1,"comprehensive","L.","AF","male","1952-01-01",1,NULL,NULL,0,NULL,NULL
NULL,NULL,NULL,143,1,"M-AF",2,"comprehensive","M.","AF","male","1965-01-01",1,NULL,NULL,0,NULL,NULL
NULL,NULL,NULL,144,1,"N-AF",3,"comprehensive","N.","AF","male","1962-01-01",1,NULL,NULL,0,NULL,NULL
NULL,NULL,NULL,145,1,"O-AF",1,"comprehensive","O.","AF","male","1944-01-01",1,NULL,NULL,0,NULL,NULL
NULL,NULL,NULL,146,1,"P-AF",2,"comprehensive","P.","AF","male","1941-01-01",1,NULL,NULL,0,NULL,NULL
NULL,NULL,NULL,147,1,"Q-AF",3,"comprehensive","Q.","AF","male","1959-01-01",1,NULL,NULL,0,NULL,NULL
NULL,NULL,NULL,148,1,"R-AF",1,"comprehensive","R.","AF","female","1943-01-01",1,NULL,NULL,0,NULL,NULL
NULL,NULL,NULL,149,1,"S-AF",2,"comprehensive","S.","AF","female","1948-01-01",1,NULL,NULL,0,NULL,NULL
NULL,NULL,NULL,150,1,"T-AF",3,"comprehensive","T.","AF","female","1933-01-01",1,NULL,NULL,0,NULL,NULL
NULL,NULL,NULL,151,1,"U-AF",1,"comprehensive","U.","AF","female","1956-01-01",1,NULL,NULL,0,NULL,NULL
NULL,NULL,NULL,152,1,"V-AF",2,"comprehensive","V.","AF","female","1947-01-01",1,NULL,NULL,0,NULL,NULL
NULL,NULL,NULL,153,1,"W-AF",3,"comprehensive","W.","AF","female","1936-01-01",1,NULL,NULL,0,NULL,NULL
NULL,NULL,NULL,154,1,"X-AF",1,"comprehensive","X.","AF","female","1930-01-01",1,NULL,NULL,0,NULL,NULL
NULL,NULL,NULL,155,1,"Y-AF",2,"comprehensive","Y.","AF","male","1933-01-01",1,NULL,NULL,0,NULL,NULL
NULL,NULL,NULL,156,1,"Z-AF",3,"comprehensive","Z.","AF","male","1933-01-01",1,NULL,NULL,0,NULL,NULL
NULL,NULL,NULL,157,1,"A-AG",1,"comprehensive","A.","AG","male","1949-01-01",1,NULL,NULL,0,"2010-01-01",NULL
NULL,NULL,NULL,158,1,"B-AG",2,"comprehensive","B.","AG","male","1934-01-01",1,NULL,NULL,0,"2010-07-01",NULL
NULL,NULL,NULL,159,1,"C-AG",3,"comprehensive","C.","AG","male","1949-01-01",1,NULL,NULL,0,"2011-01-01",NULL
NULL,NULL,NULL,160,1,"D-AG",1,"comprehensive","D.","AG","male","1949-01-01",1,"deceased",NULL,0,NULL,NULL
NULL,NULL,NULL,161,1,"E-AG",2,"comprehensive","E.","AG","male","1965-01-01",1,NULL,"en",0,NULL,NULL
NULL,NULL,NULL,162,1,"F-AG",3,"comprehensive","F.","AG","female","1954-01-01",1,NULL,"fr",0,NULL,NULL
NULL,NULL,NULL,163,1,"G-AG",1,"comprehensive","G.","AG","female","1937-01-01",1,NULL,NULL,0,NULL,NULL
NULL,NULL,NULL,164,1,"H-AG",2,"comprehensive","H.","AG","female","1931-01-01",1,NULL,NULL,0,NULL,NULL
NULL,NULL,NULL,165,1,"I-AG",3,"comprehensive","I.","AG","female","1965-01-01",1,NULL,NULL,0,NULL,NULL
NULL,NULL,NULL,166,1,"J-AG",1,"comprehensive","J.","AG","female","1954-01-01",1,NULL,NULL,0,NULL,NULL
NULL,NULL,NULL,167,1,"K-AG",2,"comprehensive","K.","AG","female","1960-01-01",1,NULL,NULL,0,NULL,NULL
NULL,NULL,NULL,168,1,"L-AG",3,"comprehensive","L.","AG","female","1928-01-01",1,NULL,NULL,0,NULL,NULL
NULL,NULL,NULL,169,1,"M-AG",1,"comprehensive","M.","AG","male","1942-01-01",1,NULL,NULL,0,NULL,NULL
NULL,NULL,NULL,170,1,"N-AG",2,"comprehensive","N.","AG","male","1965-01-01",1,NULL,NULL,0,NULL,NULL
NULL,NULL,NULL,171,1,"O-AG",3,"comprehensive","O.","AG","male","1964-01-01",1,NULL,NULL,0,NULL,NULL
NULL,NULL,NULL,172,1,"P-AG",1,"comprehensive","P.","AG","male","1966-01-01",1,NULL,NULL,0,NULL,NULL
NULL,NULL,NULL,173,1,"Q-AG",2,"comprehensive","Q.","AG","male","1951-01-01",1,NULL,NULL,0,NULL,NULL
NULL,NULL,NULL,174,1,"R-AG",3,"comprehensive","R.","AG","male","1941-01-01",1,NULL,NULL,0,NULL,NULL
NULL,NULL,NULL,175,1,"S-AG",1,"comprehensive","S.","AG","male","1947-01-01",1,NULL,NULL,0,NULL,NULL
NULL,NULL,NULL,176,1,"T-AG",2,"comprehensive","T.","AG","female","1948-01-01",1,NULL,NULL,0,NULL,NULL
NULL,NULL,NULL,177,1,"U-AG",3,"comprehensive","U.","AG","female","1956-01-01",1,NULL,NULL,0,NULL,NULL
NULL,NULL,NULL,178,1,"V-AG",1,"comprehensive","V.","AG","female","1954-01-01",1,NULL,NULL,0,NULL,NULL
NULL,NULL,NULL,179,1,"W-AG",2,"comprehensive","W.","AG","female","1953-01-01",1,NULL,NULL,0,NULL,NULL
NULL,NULL,NULL,180,1,"X-AG",3,"comprehensive","X.","AG","female","1941-01-01",1,NULL,NULL,0,NULL,NULL
NULL,NULL,NULL,181,1,"Y-AG",1,"comprehensive","Y.","AG","female","1932-01-01",1,NULL,NULL,0,NULL,NULL
NULL,NULL,NULL,182,1,"Z-AG",2,"comprehensive","Z.","AG","female","1955-01-01",1,NULL,NULL,0,NULL,NULL
NULL,NULL,NULL,183,1,"A-AH",3,"comprehensive","A.","AH","male","1950-01-01",1,NULL,NULL,0,"2010-01-01",NULL
NULL,NULL,NULL,184,1,"B-AH",1,"comprehensive","B.","AH","male","1958-01-01",1,NULL,NULL,0,"2010-07-01",NULL
NULL,NULL,NULL,185,1,"C-AH",2,"comprehensive","C.","AH","male","1937-01-01",1,NULL,NULL,0,"2011-01-01",NULL
NULL,NULL,NULL,186,1,"D-AH",3,"comprehensive","D.","AH","male","1941-01-01",1,"deceased",NULL,0,NULL,NULL
NULL,NULL,NULL,187,1,"E-AH",1,"comprehensive","E.","AH","male","1960-01-01",1,NULL,"en",0,NULL,NULL
NULL,NULL,NULL,188,1,"F-AH",2,"comprehensive","F.","AH","male","1961-01-01",1,NULL,"fr",0,NULL,NULL
NULL,NULL,NULL,189,1,"G-AH",3,"comprehensive","G.","AH","male","1947-01-01",1,NULL,NULL,0,NULL,NULL
NULL,NULL,NULL,190,1,"H-AH",1,"comprehensive","H.","AH","female","1929-01-01",1,NULL,NULL,0,NULL,NULL
NULL,NULL,NULL,191,1,"I-AH",2,"comprehensive","I.","AH","female","1938-01-01",1,NULL,NULL,0,NULL,NULL
NULL,NULL,NULL,192,1,"J-AH",3,"comprehensive","J.","AH","female","1958-01-01",1,NULL,NULL,0,NULL,NULL
NULL,NULL,NULL,193,1,"K-AH",1,"comprehensive","K.","AH","female","1941-01-01",1,NULL,NULL,0,NULL,NULL
NULL,NULL,NULL,194,1,"L-AH",2,"comprehensive","L.","AH","female","1963-01-01",1,NULL,NULL,0,NULL,NULL
NULL,NULL,NULL,195,1,"M-AH",3,"comprehensive","M.","AH","female","1966-01-01",1,NULL,NULL,0,NULL,NULL
NULL,NULL,NULL,196,1,"N-AH",1,"comprehensive","N.","AH","female","1933-01-01",1,NULL,NULL,0,NULL,NULL
NULL,NULL,NULL,197,1,"O-AH",2,"comprehensive","O.","AH","male","1941-01-01",1,NULL,NULL,0,NULL,NULL
NULL,NULL,NULL,198,1,"P-AH",3,"comprehensive","P.","AH","male","1938-01-01",1,NULL,NULL,0,NULL,NULL
NULL,NULL,NULL,199,1,"Q-AH",1,"comprehensive","Q.","AH","male","1965-01-01",1,NULL,NULL,0,NULL,NULL
NULL,NULL,NULL,200,1,"R-AH",2,"comprehensive","R.","AH","male","1929-01-01",1,NULL,NULL,0,NULL,NULL
NULL,NULL,NULL,201,1,"S-AH",3,"comprehensive","S.","AH","male","1941-01-01",1,NULL,NULL,0,NULL,NULL
NULL,NULL,NULL,202,1,"T-AH",1,"comprehensive","T.","AH","male","1952-01-01",1,NULL,NULL,0,NULL,NULL
NULL,NULL,NULL,203,1,"U-AH",2,"comprehensive","U.","AH","male","1962-01-01",1,NULL,NULL,0,NULL,NULL
NULL,NULL,NULL,204,1,"V-AH",3,"comprehensive","V.","AH","female","1944-01-01",1,NULL,NULL,0,NULL,NULL
NULL,NULL,NULL,205,1,"W-AH",1,"comprehensive","W.","AH","female","1927-01-01",1,NULL,NULL,0,NULL,NULL
NULL,NULL,NULL,206,1,"X-AH",2,"comprehensive","X.","AH","female","1943-01-01",1,NULL,NULL,0,NULL,NULL
NULL,NULL,NULL,207,1,"Y-AH",3,"comprehensive","Y.","AH","female","1927-01-01",1,NULL,NULL,0,NULL,NULL
NULL,NULL,NULL,208,1,"Z-AH",1,"comprehensive","Z.","AH","female","1957-01-01",1,NULL,NULL,0,NULL,NULL
NULL,NULL,NULL,209,1,"A-AI",2,"comprehensive","A.","AI","female","1931-01-01",1,NULL,NULL,0,"2010-01-01",NULL
NULL,NULL,NULL,210,1,"B-AI",3,"comprehensive","B.","AI","female","1954-01-01",1,NULL,NULL,0,"2010-07-01",NULL
NULL,NULL,NULL,211,1,"C-AI",1,"comprehensive","C.","AI","male","1932-01-01",1,NULL,NULL,0,"2011-01-01",NULL
NULL,NULL,NULL,212,1,"D-AI",2,"comprehensive","D.","AI","male","1937-01-01",1,"deceased",NULL,0,NULL,NULL
NULL,NULL,NULL,213,1,"E-AI",3,"comprehensive","E.","AI","male","1959-01-01",1,NULL,"en",0,NULL,NULL
NULL,NULL,NULL,214,1,"F-AI",1,"comprehensive","F.","AI","male","1930-01-01",1,NULL,"fr",0,NULL,NULL
NULL,NULL,NULL,215,1,"G-AI",2,"comprehensive","G.","AI","male","1966-01-01",1,NULL,NULL,0,NULL,NULL
NULL,NULL,NULL,216,1,"H-AI",3,"comprehensive","H.","AI","male","1937-01-01",1,NULL,NULL,0,NULL,NULL
NULL,NULL,NULL,217,1,"I-AI",1,"comprehensive","I.","AI","male","1956-01-01",1,NULL,NULL,0,NULL,NULL
NULL,NULL,NULL,218,1,"J-AI",2,"comprehensive","J.","AI","female","1961-01-01",1,NULL,NULL,0,NULL,NULL
NULL,NULL,NULL,219,1,"K-AI",3,"comprehensive","K.","AI","female","1931-01-01",1,NULL,NULL,0,NULL,NULL
NULL,NULL,NULL,220,1,"L-AI",1,"comprehensive","L.","AI","female","1927-01-01",1,NULL,NULL,0,NULL,NULL
NULL,NULL,NULL,221,1,"M-AI",2,"comprehensive","M.","AI","female","1954-01-01",1,NULL,NULL,0,NULL,NULL
NULL,NULL,NULL,222,1,"N-AI",3,"comprehensive","N.","AI","female","1953-01-01",1,NULL,NULL,0,NULL,NULL
NULL,NULL,NULL,223,1,"O-AI",1,"comprehensive","O.","AI","female","1945-01-01",1,NULL,NULL,0,NULL,NULL
NULL,NULL,NULL,224,1,"P-AI",2,"comprehensive","P.","AI","female","1941-01-01",1,NULL,NULL,0,NULL,NULL
NULL,NULL,NULL,225,1,"Q-AI",3,"comprehensive","Q.","AI","male","1934-01-01",1,NULL,NULL,0,NULL,NULL
NULL,NULL,NULL,226,1,"R-AI",1,"comprehensive","R.","AI","male","1931-01-01",1,NULL,NULL,0,NULL,NULL
NULL,NULL,NULL,227,1,"S-AI",2,"comprehensive","S.","AI","male","1951-01-01",1,NULL,NULL,0,NULL,NULL
NULL,NULL,NULL,228,1,"T-AI",3,"comprehensive","T.","AI","male","1944-01-01",1,NULL,NULL,0,NULL,NULL
NULL,NULL,NULL,229,1,"U-AI",1,"comprehensive","U.","AI","male","1928-01-01",1,NULL,NULL,0,NULL,NULL
NULL,NULL,NULL,230,1,"V-AI",2,"comprehensive","V.","AI","male","1934-01-01",1,NULL,NULL,0,NULL,NULL
NULL,NULL,NULL,231,1,"W-AI",3,"comprehensive","W.","AI","male","1952-01-01",1,NULL,NULL,0,NULL,NULL
NULL,NULL,NULL,232,1,"X-AI",1,"comprehensive","X.","AI","female","1948-01-01",1,NULL,NULL,0,NULL,NULL
NULL,NULL,NULL,233,1,"Y-AI",2,"comprehensive","Y.","AI","female","1957-01-01",1,NULL,NULL,0,NULL,NULL
NULL,NULL,NULL,234,1,"Z-AI",3,"comprehensive","Z.","AI","female","1928-01-01",1,NULL,NULL,0,NULL,NULL
NULL,NULL,NULL,235,1,"A-AJ",1,"comprehensive","A.","AJ","female","1950-01-01",1,NULL,NULL,0,"2010-01-01",NULL
NULL,NULL,NULL,236,1,"B-AJ",2,"comprehensive","B.","AJ","female","1932-01-01",1,NULL,NULL,0,"2010-07-01",NULL
NULL,NULL,NULL,237,1,"C-AJ",3,"comprehensive","C.","AJ","female","1935-01-01",1,NULL,NULL,0,"2011-01-01",NULL
NULL,NULL,NULL,238,1,"D-AJ",1,"comprehensive","D.","AJ","female","1943-01-01",1,"deceased",NULL,0,NULL,NULL
NULL,NULL,NULL,239,1,"E-AJ",2,"comprehensive","E.","AJ","male","1936-01-01",1,NULL,"en",0,NULL,NULL
NULL,NULL,NULL,240,1,"F-AJ",3,"comprehensive","F.","AJ","male","1939-01-01",1,NULL,"fr",0,NULL,NULL
NULL,NULL,NULL,241,1,"G-AJ",1,"comprehensive","G.","AJ","male","1951-01-01",1,NULL,NULL,0,NULL,NULL
NULL,NULL,NULL,242,1,"H-AJ",2,"comprehensive","H.","AJ","male","1934-01-01",1,NULL,NULL,0,NULL,NULL
NULL,NULL,NULL,243,1,"I-AJ",3,"comprehensive","I.","AJ","male","1958-01-01",1,NULL,NULL,0,NULL,NULL
NULL,NULL,NULL,244,1,"J-AJ",1,"comprehensive","J.","AJ","male","1943-01-01",1,NULL,NULL,0,NULL,NULL
NULL,NULL,NULL,245,1,"K-AJ",2,"comprehensive","K.","AJ","male","1938-01-01",1,NULL,NULL,0,NULL,NULL
NULL,NULL,NULL,246,1,"L-AJ",3,"comprehensive","L.","AJ","female","1958-01-01",1,NULL,NULL,0,NULL,NULL
NULL,NULL,NULL,247,1,"M-AJ",1,"comprehensive","M.","AJ","female","1954-01-01",1,NULL,NULL,0,NULL,NULL
NULL,NULL,NULL,248,1,"N-AJ",2,"comprehensive","N.","AJ","female","1929-01-01",1,NULL,NULL,0,NULL,NULL
NULL,NULL,NULL,249,1,"O-AJ",3,"comprehensive","O.","AJ","female","1953-01-01",1,NULL,NULL,0,NULL,NULL
NULL,NULL,NULL,250,1,"P-AJ",1,"comprehensive","P.","AJ","female","1959-01-01",1,NULL,NULL,0,NULL,NULL
NULL,NULL,NULL,251,1,"Q-AJ",2,"comprehensive","Q.","AJ","female","1930-01-01",1,NULL,NULL,0,NULL,NULL
NULL,NULL,NULL,252,1,"R-AJ",3,"comprehensive","R.","AJ","female","1958-01-01",1,NULL,NULL,0,NULL,NULL
NULL,NULL,NULL,253,1,"S-AJ",1,"comprehensive","S.","AJ","male","1957-01-01",1,NULL,NULL,0,NULL,NULL
NULL,NULL,NULL,254,1,"T-AJ",2,"comprehensive","T.","AJ","male","1958-01-01",1,NULL,NULL,0,NULL,NULL
NULL,NULL,NULL,255,1,"U-AJ",3,"comprehensive","U.","AJ","male","1955-01-01",1,NULL,NULL,0,NULL,NULL
NULL,NULL,NULL,256,1,"V-AJ",1,"comprehensive","V.","AJ","male","1963-01-01",1,NULL,NULL,0,NULL,NULL
NULL,NULL,NULL,257,1,"W-AJ",2,"comprehensive","W.","AJ","male","1940-01-01",1,NULL,NULL,0,NULL,NULL
NULL,NULL,NULL,258,1,"X-AJ",3,"comprehensive","X.","AJ","male","1960-01-01",1,NULL,NULL,0,NULL,NULL
NULL,NULL,NULL,259,1,"Y-AJ",1,"comprehensive","Y.","AJ","male","1942-01-01",1,NULL,NULL,0,NULL,NULL
NULL,NULL,NULL,260,1,"Z-AJ",2,"comprehensive","Z.","AJ","female","1951-01-01",1,NULL,NULL,0,NULL,NULL
NULL,NULL,NULL,261,1,"A-AK",3,"comprehensive","A.","AK","female","1932-01-01",1,NULL,NULL,0,"2010-01-01",NULL
NULL,NULL,NULL,262,1,"B-AK",1,"comprehensive","B.","AK","female","1946-01-01",1,NULL,NULL,0,"2010-07-01",NULL
NULL,NULL,NULL,263,1,"C-AK",2,"comprehensive","C.","AK","female","1944-01-01",1,NULL,NULL,0,"2011-01-01",NULL
NULL,NULL,NULL,264,1,"D-AK",3,"comprehensive","D.","AK","female","1952-01-01",1,"deceased",NULL,0,NULL,NULL
NULL,NULL,NULL,265,1,"E-AK",1,"comprehensive","E.","AK","female","1961-01-01",1,NULL,"en",0,NULL,NULL
NULL,NULL,NULL,266,1,"F-AK",2,"comprehensive","F.","AK","female","1960-01-01",1,NULL,"fr",0,NULL,NULL
NULL,NULL,NULL,267,1,"G-AK",3,"comprehensive","G.","AK","male","1937-01-01",1,NULL,NULL,0,NULL,NULL
NULL,NULL,NULL,268,1,"H-AK",1,"comprehensive","H.","AK","male","1959-01-01",1,NULL,NULL,0,NULL,NULL
NULL,NULL,NULL,269,1,"I-AK",2,"comprehensive","I.","AK","male","1948-01-01",1,NULL,NULL,0,NULL,NULL
NULL,NULL,NULL,270,1,"J-AK",3,"comprehensive","J.","AK","male","1944-01-01",1,NULL,NULL,0,NULL,NULL
NULL,NULL,NULL,271,1,"K-AK",1,"comprehensive","K.","AK","male","1952-01-01",1,NULL,NULL,0,NULL,NULL
NULL,NULL,NULL,272,1,"L-AK",2,"comprehensive","L.","AK","male","1946-01-01",1,NULL,NULL,0,NULL,NULL
NULL,NULL,NULL,273,1,"M-AK",3,"comprehensive","M.","AK","male","1952-01-01",1,NULL,NULL,0,NULL,NULL
NULL,NULL,NULL,274,1,"N-AK",1,"comprehensive","N.","AK","female","1937-01-01",1,NULL,NULL,0,NULL,NULL
NULL,NULL,NULL,275,1,"O-AK",2,"comprehensive","O.","AK","female","1936-01-01",1,NULL,NULL,0,NULL,NULL
NULL,NULL,NULL,276,1,"P-AK",3,"comprehensive","P.","AK","female","1964-01-01",1,NULL,NULL,0,NULL,NULL
NULL,NULL,NULL,277,1,"Q-AK",1,"comprehensive","Q.","AK","female","1949-01-01",1,NULL,NULL,0,NULL,NULL
NULL,NULL,NULL,278,1,"R-AK",2,"comprehensive","R.","AK","female","1935-01-01",1,NULL,NULL,0,NULL,NULL
NULL,NULL,NULL,279,1,"S-AK",3,"comprehensive","S.","AK","female","1946-01-01",1,NULL,NULL,0,NULL,NULL
NULL,NULL,NULL,280,1,"T-AK",1,"comprehensive","T.","AK","female","1949-01-01",1,NULL,NULL,0,NULL,NULL
NULL,NULL,NULL,281,1,"U-AK",2,"comprehensive","U.","AK","male","1942-01-01",1,NULL,NULL,0,NULL,NULL
NULL,NULL,NULL,282,1,"V-AK",3,"comprehensive","V.","AK","male","1928-01-01",1,NULL,NULL,0,NULL,NULL
NULL,NULL,NULL,283,1,"W-AK",1,"comprehensive","W.","AK","male","1941-01-01",1,NULL,NULL,0,NULL,NULL
NULL,NULL,NULL,284,1,"X-AK",2,"comprehensive","X.","AK","male","1933-01-01",1,NULL,NULL,0,NULL,NULL
NULL,NULL,NULL,285,1,"Y-AK",3,"comprehensive","Y.","AK","male","1959-01-01",1,NULL,NULL,0,NULL,NULL
NULL,NULL,NULL,286,1,"Z-AK",1,"comprehensive","Z.","AK","male","1930-01-01",1,NULL,NULL,0,NULL,NULL
NULL,NULL,NULL,287,1,"A-AL",2,"comprehensive","A.","AL","male","1930-01-01",1,NULL,NULL,0,"2010-01-01",NULL
NULL,NULL,NULL,288,1,"B-AL",3,"comprehensive","B.","AL","female","1933-01-01",1,NULL,NULL,0,"2010-07-01",NULL
NULL,NULL,NULL,289,1,"C-AL",1,"comprehensive","C.","AL","female","1964-01-01",1,NULL,NULL,0,"2011-01-01",NULL
NULL,NULL,NULL,290,1,"D-AL",2,"comprehensive","D.","AL","female","1945-01-01",1,"deceased",NULL,0,NULL,NULL
NULL,NULL,NULL,291,1,"E-AL",3,"comprehensive","E.","AL","female","1957-01-01",1,NULL,"en",0,NULL,NULL
NULL,NULL,NULL,292,1,"F-AL",1,"comprehensive","F.","AL","female","1930-01-01",1,NULL,"fr",0,NULL,NULL
NULL,NULL,NULL,293,1,"G-AL",2,"comprehensive","G.","AL","female","1954-01-01",1,NULL,NULL,0,NULL,NULL
NULL,NULL,NULL,294,1,"H-AL",3,"comprehensive","H.","AL","female","1935-01-01",1,NULL,NULL,0,NULL,NULL
NULL,NULL,NULL,295,1,"I-AL",1,"comprehensive","I.","AL","male","1936-01-01",1,NULL,NULL,0,NULL,NULL
NULL,NULL,NULL,296,1,"J-AL",2,"comprehensive","J.","AL","male","1954-01-01",1,NULL,NULL,0,NULL,NULL
NULL,NULL,NULL,297,1,"K-AL",3,"comprehensive","K.","AL","male","1934-01-01",1,NULL,NULL,0,NULL,NULL
NULL,NULL,NULL,298,1,"L-AL",1,"comprehensive","L.","AL","male","1926-01-01",1,NULL,NULL,0,NULL,NULL
NULL,NULL,NULL,299,1,"M-AL",2,"comprehensive","M.","AL","male","1958-01-01",1,NULL,NULL,0,NULL,NULL
NULL,NULL,NULL,300,1,"N-AL",3,"comprehensive","N.","AL","male","1950-01-01",1,NULL,NULL,0,NULL,NULL
NULL,NULL,NULL,301,1,"O-AL",1,"comprehensive","O.","AL","male","1935-01-01",1,NULL,NULL,0,NULL,NULL
NULL,NULL,NULL,302,1,"P-AL",2,"comprehensive","P.","AL","female","1964-01-01",1,NULL,NULL,0,NULL,NULL
NULL,NULL,NULL,303,1,"Q-AL",3,"comprehensive","Q.","AL","female","1931-01-01",1,NULL,NULL,0,NULL,NULL
NULL,NULL,NULL,304,1,"R-AL",1,"comprehensive","R.","AL","female","1948-01-01",1,NULL,NULL,0,NULL,NULL
NULL,NULL,NULL,305,1,"S-AL",2,"comprehensive","S.","AL","female","1930-01-01",1,NULL,NULL,0,NULL,NULL
NULL,NULL,NULL,306,1,"T-AL",3,"comprehensive","T.","AL","female","1945-01-01",1,NULL,NULL,0,NULL,NULL
NULL,NULL,NULL,307,1,"U-AL",1,"comprehensive","U.","AL","female","1937-01-01",1,NULL,NULL,0,NULL,NULL
NULL,NULL,NULL,308,1,"V-AL",2,"comprehensive","V.","AL","female","1938-01-01",1,NULL,NULL,0,NULL,NULL
NULL,NULL,NULL,309,1,"W-AL",3,"comprehensive","W.","AL","male","1931-01-01",1,NULL,NULL,0,NULL,NULL
NULL,NULL,NULL,310,1,"X-AL",1,"comprehensive","X.","AL","male","1959-01-01",1,NULL,NULL,0,NULL,NULL
NULL,NULL,NULL,311,1,"Y-AL",2,"comprehensive","Y.","AL","male","1947-01-01",1,NULL,NULL,0,NULL,NULL
NULL,NULL,NULL,312,1,"Z-AL",3,"comprehensive","Z.","AL","male","1941-01-01",1,NULL,NULL,0,NULL,NULL
NULL,NULL,NULL,313,1,"A-AM",1,"comprehensive","A.","AM","male","1942-01-01",1,NULL,NULL,0,"2010-01-01",NULL
NULL,NULL,NULL,314,1,"B-AM",2,"comprehensive","B.","AM","male","1950-01-01",1,NULL,NULL,0,"2010-07-01",NULL
NULL,NULL,NULL,315,1,"C-AM",3,"comprehensive","C.","AM","male","1964-01-01",1,NULL,NULL,0,"2011-01-01",NULL
NULL,NULL,NULL,316,1,"D-AM",1,"comprehensive","D.","AM","female","1955-01-01",1,"deceased",NULL,0,NULL,NULL
NULL,NULL,NULL,317,1,"E-AM",2,"comprehensive","E.","AM","female","1933-01-01",1,NULL,"en",0,NULL,NULL
NULL,NULL,NULL,318,1,"F-AM",3,"comprehensive","F.","AM","female","1959-01-01",1,NULL,"fr",0,NULL,NULL
NULL,NULL,NULL,319,1,"G-AM",1,"comprehensive","G.","AM","female","1964-01-01",1,NULL,NULL,0,NULL,NULL
NULL,NULL,NULL,320,1,"H-AM",2,"comprehensive","H.","AM","female","1934-01-01",1,NULL,NULL,0,NULL,NULL
NULL,NULL,NULL,321,1,"I-AM",3,"comprehensive","I.","AM","female","1950-01-01",1,NULL,NULL,0,NULL,NULL
NULL,NULL,NULL,322,1,"J-AM",1,"comprehensive","J.","AM","female","1955-01-01",1,NULL,NULL,0,NULL,NULL
NULL,NULL,NULL,323,1,"K-AM",2,"comprehensive","K.","AM","male","1938-01-01",1,NULL,NULL,0,NULL,NULL
NULL,NULL,NULL,324,1,"L-AM",3,"comprehensive","L.","AM","male","1938-01-01",1,NULL,NULL,0,NULL,NULL
NULL,NULL,NULL,325,1,"M-AM",1,"comprehensive","M.","AM","male","1965-01-01",1,NULL,NULL,0,NULL,NULL
NULL,NULL,NULL,326,1,"N-AM",2,"comprehensive","N.","AM","male","1948-01-01",1,NULL,NULL,0,NULL,NULL
NULL,NULL,NULL,327,1,"O-AM",3,"comprehensive","O.","AM","male","1926-01-01",1,NULL,NULL,0,NULL,NULL
NULL,NULL,NULL,328,1,"P-AM",1,"comprehensive","P.","AM","male","1933-01-01",1,NULL,NULL,0,NULL,NULL
NULL,NULL,NULL,329,1,"Q-AM",2,"comprehensive","Q.","AM","male","1948-01-01",1,NULL,NULL,0,NULL,NULL
NULL,NULL,NULL,330,1,"R-AM",3,"comprehensive","R.","AM","female","1961-01-01",1,NULL,NULL,0,NULL,NULL
NULL,NULL,NULL,331,1,"S-AM",1,"comprehensive","S.","AM","female","1940-01-01",1,NULL,NULL,0,NULL,NULL
NULL,NULL,NULL,332,1,"T-AM",2,"comprehensive","T.","AM","female","1956-01-01",1,NULL,NULL,0,NULL,NULL
NULL,NULL,NULL,333,1,"U-AM",3,"comprehensive","U.","AM","female","1946-01-01",1,NULL,NULL,0,NULL,NULL
NULL,NULL,NULL,334,1,"V-AM",1,"comprehensive","V.","AM","female","1937-01-01",1,NULL,NULL,0,NULL,NULL
NULL,NULL,NULL,335,1,"W-AM",2,"comprehensive","W.","AM","female","1963-01-01",1,NULL,NULL,0,NULL,NULL
NULL,NULL,NULL,336,1,"X-AM",3,"comprehensive","X.","AM","female","1943-01-01",1,NULL,NULL,0,NULL,NULL
NULL,NULL,NULL,337,1,"Y-AM",1,"comprehensive","Y.","AM","male","1962-01-01",1,NULL,NULL,0,NULL,NULL
NULL,NULL,NULL,338,1,"Z-AM",2,"comprehensive","Z.","AM","male","1948-01-01",1,NULL,NULL,0,NULL,NULL
NULL,NULL,NULL,339,1,"A-AN",3,"comprehensive","A.","AN","male","1930-01-01",1,NULL,NULL,0,"2010-01-01",NULL
NULL,NULL,NULL,340,1,"B-AN",1,"comprehensive","B.","AN","male","1963-01-01",1,NULL,NULL,0,"2010-07-01",NULL
NULL,NULL,NULL,341,1,"C-AN",2,"comprehensive","C.","AN","male","1944-01-01",1,NULL,NULL,0,"2011-01-01",NULL
NULL,NULL,NULL,342,1,"D-AN",3,"comprehensive","D.","AN","male","1932-01-01",1,"deceased",NULL,0,NULL,NULL
NULL,NULL,NULL,343,1,"E-AN",1,"comprehensive","E.","AN","male","1966-01-01",1,NULL,"en",0,NULL,NULL
NULL,NULL,NULL,344,1,"F-AN",2,"comprehensive","F.","AN","female","1965-01-01",1,NULL,"fr",0,NULL,NULL
NULL,NULL,NULL,345,1,"G-AN",3,"comprehensive","G.","AN","female","1957-01-01",1,NULL,NULL,0,NULL,NULL
NULL,NULL,NULL,346,1,"H-AN",1,"comprehensive","H.","AN","female","1930-01-01",1,NULL,NULL,0,NULL,NULL
NULL,NULL,NULL,347,1,"I-AN",2,"comprehensive","I.","AN","female","1942-01-01",1,NULL,NULL,0,NULL,NULL
NULL,NULL,NULL,348,1,"J-AN",3,"comprehensive","J.","AN","female","1935-01-01",1,NULL,NULL,0,NULL,NULL
NULL,NULL,NULL,349,1,"K-AN",1,"comprehensive","K.","AN","female","1932-01-01",1,NULL,NULL,0,NULL,NULL
NULL,NULL,NULL,350,1,"L-AN",2,"comprehensive","L.","AN","female","1947-01-01",1,NULL,NULL,0,NULL,NULL
NULL,NULL,NULL,351,1,"M-AN",3,"comprehensive","M.","AN","male","1939-01-01",1,NULL,NULL,0,NULL,NULL
NULL,NULL,NULL,352,1,"N-AN",1,"comprehensive","N.","AN","male","1933-01-01",1,NULL,NULL,0,NULL,NULL
NULL,NULL,NULL,353,1,"O-AN",2,"comprehensive","O.","AN","male","1940-01-01",1,NULL,NULL,0,NULL,NULL
NULL,NULL,NULL,354,1,"P-AN",3,"comprehensive","P.","AN","male","1955-01-01",1,NULL,NULL,0,NULL,NULL
NULL,NULL,NULL,355,1,"Q-AN",1,"comprehensive","Q.","AN","male","1934-01-01",1,NULL,NULL,0,NULL,NULL
NULL,NULL,NULL,356,1,"R-AN",2,"comprehensive","R.","AN","male","1952-01-01",1,NULL,NULL,0,NULL,NULL
NULL,NULL,NULL,357,1,"S-AN",3,"comprehensive","S.","AN","male","1947-01-01",1,NULL,NULL,0,NULL,NULL
NULL,NULL,NULL,358,1,"T-AN",1,"comprehensive","T.","AN","female","1934-01-01",1,NULL,NULL,0,NULL,NULL
NULL,NULL,NULL,359,1,"U-AN",2,"comprehensive","U.","AN","female","1936-01-01",1,NULL,NULL,0,NULL,NULL
NULL,NULL,NULL,360,1,"V-AN",3,"comprehensive","V.","AN","female","1949-01-01",1,NULL,NULL,0,NULL,NULL
NULL,NULL,NULL,361,1,"W-AN",1,"comprehensive","W.","AN","female","1929-01-01",1,NULL,NULL,0,NULL,NULL
NULL,NULL,NULL,362,1,"X-AN",2,"comprehensive","X.","AN","female","1950-01-01",1,NULL,NULL,0,NULL,NULL
NULL,NULL,NULL,363,1,"Y-AN",3,"comprehensive","Y.","AN","female","1939-01-01",1,NULL,NULL,0,NULL,NULL
NULL,NULL,NULL,364,1,"Z-AN",1,"comprehensive","Z.","AN","female","1949-01-01",1,NULL,NULL,0,NULL,NULL
NULL,NULL,NULL,365,1,"A-AO",2,"comprehensive","A.","AO","male","1961-01-01",1,NULL,NULL,0,"2010-01-01",NULL
NULL,NULL,NULL,366,1,"B-AO",3,"comprehensive","B.","AO","male","1935-01-01",1,NULL,NULL,0,"2010-07-01",NULL
NULL,NULL,NULL,367,1,"C-AO",1,"comprehensive","C.","AO","male","1927-01-01",1,NULL,NULL,0,"2011-01-01",NULL
NULL,NULL,NULL,368,1,"D-AO",2,"comprehensive","D.","AO","male","1957-01-01",1,"deceased",NULL,0,NULL,NULL
NULL,NULL,NULL,369,1,"E-AO",3,"comprehensive","E.","AO","male","1953-01-01",1,NULL,"en",0,NULL,NULL
NULL,NULL,NULL,370,1,"F-AO",1,"comprehensive","F.","AO","male","1938-01-01",1,NULL,"fr",0,NULL,NULL
NULL,NULL,NULL,371,1,"G-AO",2,"comprehensive","G.","AO","male","1927-01-01",1,NULL,NULL,0,NULL,NULL
NULL,NULL,NULL,372,1,"H-AO",3,"comprehensive","H.","AO","female","1945-01-01",1,NULL,NULL,0,NULL,NULL
NULL,NULL,NULL,373,1,"I-AO",1,"comprehensive","I.","AO","female","1942-01-01",1,NULL,NULL,0,NULL,NULL
NULL,NULL,NULL,374,1,"J-AO",2,"comprehensive","J.","AO","female","1966-01-01",1,NULL,NULL,0,NULL,NULL
NULL,NULL,NULL,375,1,"K-AO",3,"comprehensive","K.","AO","female","1938-01-01",1,NULL,NULL,0,NULL,NULL
NULL,NULL,NULL,376,1,"L-AO",1,"comprehensive","L.","AO","female","1935-01-01",1,NULL,NULL,0,NULL,NULL
NULL,NULL,NULL,377,1,"M-AO",2,"comprehensive","M.","AO","female","1960-01-01",1,NULL,NULL,0,NULL,NULL
NULL,NULL,NULL,378,1,"N-AO",3,"comprehensive","N.","AO","female","1956-01-01",1,NULL,NULL,0,NULL,NULL
NULL,NULL,NULL,379,1,"O-AO",1,"comprehensive","O.","AO","male","1954-01-01",1,NULL,NULL,0,NULL,NULL
NULL,NULL,NULL,380,1,"P-AO",2,"comprehensive","P.","AO","male","1951-01-01",1,NULL,NULL,0,NULL,NULL
NULL,NULL,NULL,381,1,"Q-AO",3,"comprehensive","Q.","AO","male","1963-01-01",1,NULL,NULL,0,NULL,NULL
NULL,NULL,NULL,382,1,"R-AO",1,"comprehensive","R.","AO","male","1933-01-01",1,NULL,NULL,0,NULL,NULL
NULL,NULL,NULL,383,1,"S-AO",2,"comprehensive","S.","AO","male","1964-01-01",1,NULL,NULL,0,NULL,NULL
NULL,NULL,NULL,384,1,"T-AO",3,"comprehensive","T.","AO","male","1951-01-01",1,NULL,NULL,0,NULL,NULL
NULL,NULL,NULL,385,1,"U-AO",1,"comprehensive","U.","AO","male","1951-01-01",1,NULL,NULL,0,NULL,NULL
NULL,NULL,NULL,386,1,"V-AO",2,"comprehensive","V.","AO","female","1952-01-01",1,NULL,NULL,0,NULL,NULL
NULL,NULL,NULL,387,1,"W-AO",3,"comprehensive","W.","AO","female","1927-01-01",1,NULL,NULL,0,NULL,NULL
NULL,NULL,NULL,388,1,"X-AO",1,"comprehensive","X.","AO","female","1962-01-01",1,NULL,NULL,0,NULL,NULL
NULL,NULL,NULL,389,1,"Y-AO",2,"comprehensive","Y.","AO","female","1928-01-01",1,NULL,NULL,0,NULL,NULL
NULL,NULL,NULL,390,1,"Z-AO",3,"comprehensive","Z.","AO","female","1929-01-01",1,NULL,NULL,0,NULL,NULL
NULL,NULL,NULL,391,1,"A-AP",1,"comprehensive","A.","AP","female","1947-01-01",1,NULL,NULL,0,"2010-01-01",NULL
NULL,NULL,NULL,392,1,"B-AP",2,"comprehensive","B.","AP","female","1951-01-01",1,NULL,NULL,0,"2010-07-01",NULL
NULL,NULL,NULL,393,1,"C-AP",3,"comprehensive","C.","AP","male","1930-01-01",1,NULL,NULL,0,"2011-01-01",NULL
NULL,NULL,NULL,394,1,"D-AP",1,"comprehensive","D.","AP","male","1942-01-01",1,"deceased",NULL,0,NULL,NULL
NULL,NULL,NULL,395,1,"E-AP",2,"comprehensive","E.","AP","male","1944-01-01",1,NULL,"en",0,NULL,NULL
NULL,NULL,NULL,396,1,"F-AP",3,"comprehensive","F.","AP","male","1929-01-01",1,NULL,"fr",0,NULL,NULL
NULL,NULL,NULL,397,1,"G-AP",1,"comprehensive","G.","AP","male","1932-01-01",1,NULL,NULL,0,NULL,NULL
NULL,NULL,NULL,398,1,"H-AP",2,"comprehensive","H.","AP","male","1930-01-01",1,NULL,NULL,0,NULL,NULL
NULL,NULL,NULL,399,1,"I-AP",3,"comprehensive","I.","AP","male","1926-01-01",1,NULL,NULL,0,NULL,NULL
NULL,NULL,NULL,400,1,"J-AP",1,"comprehensive","J.","AP","female","1959-01-01",1,NULL,NULL,0,NULL,NULL
NULL,NULL,NULL,401,1,"K-AP",2,"comprehensive","K.","AP","female","1942-01-01",1,NULL,NULL,0,NULL,NULL
NULL,NULL,NULL,402,1,"L-AP",3,"comprehensive","L.","AP","female","1927-01-01",1,NULL,NULL,0,NULL,NULL
NULL,NULL,NULL,403,1,"M-AP",1,"comprehensive","M.","AP","female","1938-01-01",1,NULL,NULL,0,NULL,NULL
NULL,NULL,NULL,404,1,"N-AP",2,"comprehensive","N.","AP","female","1958-01-01",1,NULL,NULL,0,NULL,NULL
NULL,NULL,NULL,405,1,"O-AP",3,"comprehensive","O.","AP","female","1927-01-01",1,NULL,NULL,0,NULL,NULL
NULL,NULL,NULL,406,1,"P-AP",1,"comprehensive","P.","AP","female","1950-01-01",1,NULL,NULL,0,NULL,NULL
NULL,NULL,NULL,407,1,"Q-AP",2,"comprehensive","Q.","AP","male","1927-01-01",1,NULL,NULL,0,NULL,NULL
NULL,NULL,NULL,408,1,"R-AP",3,"comprehensive","R.","AP","male","1933-01-01",1,NULL,NULL,0,NULL,NULL
NULL,NULL,NULL,409,1,"S-AP",1,"comprehensive","S.","AP","male","1965-01-01",1,NULL,NULL,0,NULL,NULL
NULL,NULL,NULL,410,1,"T-AP",2,"comprehensive","T.","AP","male","1936-01-01",1,NULL,NULL,0,NULL,NULL
NULL,NULL,NULL,411,1,"U-AP",3,"comprehensive","U.","AP","male","1937-01-01",1,NULL,NULL,0,NULL,NULL
NULL,NULL,NULL,412,1,"V-AP",1,"comprehensive","V.","AP","male","1964-01-01",1,NULL,NULL,0,NULL,NULL
NULL,NULL,NULL,413,1,"W-AP",2,"comprehensive","W.","AP","male","1960-01-01",1,NULL,NULL,0,NULL,NULL
NULL,NULL,NULL,414,1,"X-AP",3,"comprehensive","X.","AP","female","1959-01-01",1,NULL,NULL,0,NULL,NULL
NULL,NULL,NULL,415,1,"Y-AP",1,"comprehensive","Y.","AP","female","1965-01-01",1,NULL,NULL,0,NULL,NULL
NULL,NULL,NULL,416,1,"Z-AP",2,"comprehensive","Z.","AP","female","1964-01-01",1,NULL,NULL,0,NULL,NULL
NULL,NULL,NULL,417,1,"A-AQ",3,"comprehensive","A.","AQ","female","1951-01-01",1,NULL,NULL,0,"2010-01-01",NULL
NULL,NULL,NULL,418,1,"B-AQ",1,"comprehensive","B.","AQ","female","1929-01-01",1,NULL,NULL,0,"2010-07-01",NULL
NULL,NULL,NULL,419,1,"C-AQ",2,"comprehensive","C.","AQ","female","1958-01-01",1,NULL,NULL,0,"2011-01-01",NULL
NULL,NULL,NULL,420,1,"D-AQ",3,"comprehensive","D.","AQ","female","1931-01-01",1,"deceased",NULL,0,NULL,NULL
NULL,NULL,NULL,421,1,"E-AQ",1,"comprehensive","E.","AQ","male","1965-01-01",1,NULL,"en",0,NULL,NULL
NULL,NULL,NULL,422,1,"F-AQ",2,"comprehensive","F.","AQ","male","1959-01-01",1,NULL,"fr",0,NULL,NULL
NULL,NULL,NULL,423,1,"G-AQ",3,"comprehensive","G.","AQ","male","1959-01-01",1,NULL,NULL,0,NULL,NULL
NULL,NULL,NULL,424,1,"H-AQ",1,"comprehensive","H.","AQ","male","1960-01-01",1,NULL,NULL,0,NULL,NULL
NULL,NULL,NULL,425,1,"I-AQ",2,"comprehensive","I.","AQ","male","1943-01-01",1,NULL,NULL,0,NULL,NULL
NULL,NULL,NULL,426,1,"J-AQ",3,"comprehensive","J.","AQ","male","1945-01-01",1,NULL,NULL,0,NULL,NULL
NULL,NULL,NULL,427,1,"K-AQ",1,"comprehensive","K.","AQ","male","1957-01-01",1,NULL,NULL,0,NULL,NULL
NULL,NULL,NULL,428,1,"L-AQ",2,"comprehensive","L.","AQ","female","1934-01-01",1,NULL,NULL,0,NULL,NULL
NULL,NULL,NULL,429,1,"M-AQ",3,"comprehensive","M.","AQ","female","1944-01-01",1,NULL,NULL,0,NULL,NULL
NULL,NULL,NULL,430,1,"N-AQ",1,"comprehensive","N.","AQ","female","1939-01-01",1,NULL,NULL,0,NULL,NULL
NULL,NULL,NULL,431,1,"O-AQ",2,"comprehensive","O.","AQ","female","1954-01-01",1,NULL,NULL,0,NULL,NULL
NULL,NULL,NULL,432,1,"P-AQ",3,"comprehensive","P.","AQ","female","1945-01-01",1,NULL,NULL,0,NULL,NULL
NULL,NULL,NULL,433,1,"Q-AQ",1,"comprehensive","Q.","AQ","female","1955-01-01",1,NULL,NULL,0,NULL,NULL
NULL,NULL,NULL,434,1,"R-AQ",2,"comprehensive","R.","AQ","female","1941-01-01",1,NULL,NULL,0,NULL,NULL
NULL,NULL,NULL,435,1,"S-AQ",3,"comprehensive","S.","AQ","male","1937-01-01",1,NULL,NULL,0,NULL,NULL
NULL,NULL,NULL,436,1,"T-AQ",1,"comprehensive","T.","AQ","male","1942-01-01",1,NULL,NULL,0,NULL,NULL
NULL,NULL,NULL,437,1,"U-AQ",2,"comprehensive","U.","AQ","male","1928-01-01",1,NULL,NULL,0,NULL,NULL
NULL,NULL,NULL,438,1,"V-AQ",3,"comprehensive","V.","AQ","male","1951-01-01",1,NULL,NULL,0,NULL,NULL
NULL,NULL,NULL,439,1,"W-AQ",1,"comprehensive","W.","AQ","male","1949-01-01",1,NULL,NULL,0,NULL,NULL
NULL,NULL,NULL,440,1,"X-AQ",2,"comprehensive","X.","AQ","male","1927-01-01",1,NULL,NULL,0,NULL,NULL
NULL,NULL,NULL,441,1,"Y-AQ",3,"comprehensive","Y.","AQ","male","1961-01-01",1,NULL,NULL,0,NULL,NULL
NULL,NULL,NULL,442,1,"Z-AQ",1,"comprehensive","Z.","AQ","female","1959-01-01",1,NULL,NULL,0,NULL,NULL
NULL,NULL,NULL,443,1,"A-AR",2,"comprehensive","A.","AR","female","1965-01-01",1,NULL,NULL,0,"2010-01-01",NULL
NULL,NULL,NULL,444,1,"B-AR",3,"comprehensive","B.","AR","female","1955-01-01",1,NULL,NULL,0,"2010-07-01",NULL
NULL,NULL,NULL,445,1,"C-AR",1,"comprehensive","C.","AR","female","1952-01-01",1,NULL,NULL,0,"2011-01-01",NULL
NULL,NULL,NULL,446,1,"D-AR",2,"comprehensive","D.","AR","female","1964-01-01",1,"deceased",NULL,0,NULL,NULL
NULL,NULL,NULL,447,1,"E-AR",3,"comprehensive","E.","AR","female","1956-01-01",1,NULL,"en",0,NULL,NULL
NULL,NULL,NULL,448,1,"F-AR",1,"comprehensive","F.","AR","female","1927-01-01",1,NULL,"fr",0,NULL,NULL
NULL,NULL,NULL,449,1,"G-AR",2,"comprehensive","G.","AR","male","1960-01-01",1,NULL,NULL,0,NULL,NULL
NULL,NULL,NULL,450,1,"H-AR",3,"comprehensive","H.","AR","male","1932-01-01",1,NULL,NULL,0,NULL,NULL
NULL,NULL,NULL,451,1,"I-AR",1,"comprehensive","I.","AR","male","1958-01-01",1,NULL,NULL,0,NULL,NULL
NULL,NULL,NULL,452,1,"J-AR",2,"comprehensive","J.","AR","male","1938-01-01",1,NULL,NULL,0,NULL,NULL
NULL,NULL,NULL,453,1,"K-AR",3,"comprehensive","K.","AR","male","1926-01-01",1,NULL,NULL,0,NULL,NULL
NULL,NULL,NULL,454,1,"L-AR",1,"comprehensive","L.","AR","male","1948-01-01",1,NULL,NULL,0,NULL,NULL
NULL,NULL,NULL,455,1,"M-AR",2,"comprehensive","M.","AR","male","1945-01-01",1,NULL,NULL,0,NULL,NULL
NULL,NULL,NULL,456,1,"N-AR",3,"comprehensive","N.","AR","female","1938-01-01",1,NULL,NULL,0,NULL,NULL
NULL,NULL,NULL,457,1,"O-AR",1,"comprehensive","O.","AR","female","1962-01-01",1,NULL,NULL,0,NULL,NULL
NULL,NULL,NULL,458,1,"P-AR",2,"comprehensive","P.","AR","female","1930-01-01",1,NULL,NULL,0,NULL,NULL
NULL,NULL,NULL,459,1,"Q-AR",3,"comprehensive","Q.","AR","female","1965-01-01",1,NULL,NULL,0,NULL,NULL
NULL,NULL,NULL,460,1,"R-AR",1,"comprehensive","R.","AR","female","1950-01-01",1,NULL,NULL,0,NULL,NULL
NULL,NULL,NULL,461,1,"S-AR",2,"comprehensive","S.","AR","female","1948-01-01",1,NULL,NULL,0,NULL,NULL
NULL,NULL,NULL,462,1,"T-AR",3,"comprehensive","T.","AR","female","1927-01-01",1,NULL,NULL,0,NULL,NULL
NULL,NULL,NULL,463,1,"U-AR",1,"comprehensive","U.","AR","male","1930-01-01",1,NULL,NULL,0,NULL,NULL
NULL,NULL,NULL,464,1,"V-AR",2,"comprehensive","V.","AR","male","1958-01-01",1,NULL,NULL,0,NULL,NULL
NULL,NULL,NULL,465,1,"W-AR",3,"comprehensive","W.","AR","male","1930-01-01",1,NULL,NULL,0,NULL,NULL
NULL,NULL,NULL,466,1,"X-AR",1,"comprehensive","X.","AR","male","1960-01-01",1,NULL,NULL,0,NULL,NULL
NULL,NULL,NULL,467,1,"Y-AR",2,"comprehensive","Y.","AR","male","1945-01-01",1,NULL,NULL,0,NULL,NULL
NULL,NULL,NULL,468,1,"Z-AR",3,"comprehensive","Z.","AR","male","1962-01-01",1,NULL,NULL,0,NULL,NULL
NULL,NULL,NULL,469,1,"A-AS",1,"comprehensive","A.","AS","male","1927-01-01",1,NULL,NULL,0,"2010-01-01",NULL
NULL,NULL,NULL,470,1,"B-AS",2,"comprehensive","B.","AS","female","1954-01-01",1,NULL,NULL,0,"2010-07-01",NULL
NULL,NULL,NULL,471,1,"C-AS",3,"comprehensive","C.","AS","female","1961-01-01",1,NULL,NULL,0,"2011-01-01",NULL
NULL,NULL,NULL,472,1,"D-AS",1,"comprehensive","D.","AS","female","1950-01-01",1,"deceased",NULL,0,NULL,NULL
NULL,NULL,NULL,473,1,"E-AS",2,"comprehensive","E.","AS","female","1953-01-01",1,NULL,"en",0,NULL,NULL
NULL,NULL,NULL,474,1,"F-AS",3,"comprehensive","F.","AS","female","1962-01-01",1,NULL,"fr",0,NULL,NULL
NULL,NULL,NULL,475,1,"G-AS",1,"comprehensive","G.","AS","female","1956-01-01",1,NULL,NULL,0,NULL,NULL
NULL,NULL,NULL,476,1,"H-AS",2,"comprehensive","H.","AS","female","1965-01-01",1,NULL,NULL,0,NULL,NULL
NULL,NULL,NULL,477,1,"I-AS",3,"comprehensive","I.","AS","male","1948-01-01",1,NULL,NULL,0,NULL,NULL
NULL,NULL,NULL,478,1,"J-AS",1,"comprehensive","J.","AS","male","1947-01-01",1,NULL,NULL,0,NULL,NULL
NULL,NULL,NULL,479,1,"K-AS",2,"comprehensive","K.","AS","male","1926-01-01",1,NULL,NULL,0,NULL,NULL
NULL,NULL,NULL,480,1,"L-AS",3,"comprehensive","L.","AS","male","1942-01-01",1,NULL,NULL,0,NULL,NULL
NULL,NULL,NULL,481,1,"M-AS",1,"comprehensive","M.","AS","male","1953-01-01",1,NULL,NULL,0,NULL,NULL
NULL,NULL,NULL,482,1,"N-AS",2,"comprehensive","N.","AS","male","1958-01-01",1,NULL,NULL,0,NULL,NULL
NULL,NULL,NULL,483,1,"O-AS",3,"comprehensive","O.","AS","male","1953-01-01",1,NULL,NULL,0,NULL,NULL
NULL,NULL,NULL,484,1,"P-AS",1,"comprehensive","P.","AS","female","1953-01-01",1,NULL,NULL,0,NULL,NULL
NULL,NULL,NULL,485,1,"Q-AS",2,"comprehensive","Q.","AS","female","1940-01-01",1,NULL,NULL,0,NULL,NULL
NULL,NULL,NULL,486,1,"R-AS",3,"comprehensive","R.","AS","female","1948-01-01",1,NULL,NULL,0,NULL,NULL
NULL,NULL,NULL,487,1,"S-AS",1,"comprehensive","S.","AS","female","1934-01-01",1,NULL,NULL,0,NULL,NULL
NULL,NULL,NULL,488,1,"T-AS",2,"comprehensive","T.","AS","female","1943-01-01",1,NULL,NULL,0,NULL,NULL
NULL,NULL,NULL,489,1,"U-AS",3,"comprehensive","U.","AS","female","1957-01-01",1,NULL,NULL,0,NULL,NULL
NULL,NULL,NULL,490,1,"V-AS",1,"comprehensive","V.","AS","female","1927-01-01",1,NULL,NULL,0,NULL,NULL
NULL,NULL,NULL,491,1,"W-AS",2,"comprehensive","W.","AS","male","1948-01-01",1,NULL,NULL,0,NULL,NULL
NULL,NULL,NULL,492,1,"X-AS",3,"comprehensive","X.","AS","male","1939-01-01",1,NULL,NULL,0,NULL,NULL
NULL,NULL,NULL,493,1,"Y-AS",1,"comprehensive","Y.","AS","male","1951-01-01",1,NULL,NULL,0,NULL,NULL
NULL,NULL,NULL,494,1,"Z-AS",2,"comprehensive","Z.","AS","male","1951-01-01",1,NULL,NULL,0,NULL,NULL
NULL,NULL,NULL,495,1,"A-AT",3,"comprehensive","A.","AT","male","1956-01-01",1,NULL,NULL,0,"2010-01-01",NULL
NULL,NULL,NULL,496,1,"B-AT",1,"comprehensive","B.","AT","male","1933-01-01",1,NULL,NULL,0,"2010-07-01",NULL
NULL,NULL,NULL,497,1,"C-AT",2,"comprehensive","C.","AT","male","1942-01-01",1,NULL,NULL,0,"2011-01-01",NULL
NULL,NULL,NULL,498,1,"D-AT",3,"comprehensive","D.","AT","female","1956-01-01",1,"deceased",NULL,0,NULL,NULL
NULL,NULL,NULL,499,1,"E-AT",1,"comprehensive","E.","AT","female","1944-01-01",1,NULL,"en",0,NULL,NULL
NULL,NULL,NULL,500,1,"F-AT",2,"comprehensive","F.","AT","female","1960-01-01",1,NULL,"fr",0,NULL,NULL
NULL,NULL,NULL,501,1,"G-AT",3,"tracking","G.","AT","female","1956-01-01",1,NULL,NULL,0,NULL,NULL
NULL,NULL,NULL,502,1,"H-AT",1,"tracking","H.","AT","female","1934-01-01",1,NULL,NULL,0,NULL,NULL
NULL,NULL,NULL,503,1,"I-AT",2,"tracking","I.","AT","female","1938-01-01",1,NULL,NULL,0,NULL,NULL
NULL,NULL,NULL,504,1,"J-AT",3,"tracking","J.","AT","female","1940-01-01",1,NULL,NULL,0,NULL,NULL
NULL,NULL,NULL,505,1,"K-AT",1,"tracking","K.","AT","male","1951-01-01",1,NULL,NULL,0,NULL,NULL
NULL,NULL,NULL,506,1,"L-AT",2,"tracking","L.","AT","male","1953-01-01",1,NULL,NULL,0,NULL,NULL
NULL,NULL,NULL,507,1,"M-AT",3,"tracking","M.","AT","male","1954-01-01",1,NULL,NULL,0,NULL,NULL
NULL,NULL,NULL,508,1,"N-AT",1,"tracking","N.","AT","male","1944-01-01",1,NULL,NULL,0,NULL,NULL
NULL,NULL,NULL,509,1,"O-AT",2,"tracking","O.","AT","male","1929-01-01",1,NULL,NULL,0,NULL,NULL
NULL,NULL,NULL,510,1,"P-AT",3,"tracking","P.","AT","male","1946-01-01",1,NULL,NULL,0,NULL,NULL
NULL,NULL,NULL,511,1,"Q-AT",1,"tracking","Q.","AT","male","1936-01-01",1,NULL,NULL,0,NULL,NULL
NULL,NULL,NULL,512,1,"R-AT",2,"tracking","R.","AT","female","1929-01-01",1,NULL,NULL,0,NULL,NULL
NULL,NULL,NULL,513,1,"S-AT",3,"tracking","S.","AT","female","1956-01-01",1,NULL,NULL,0,NULL,NULL
NULL,NULL,NULL,514,1,"T-AT",1,"tracking","T.","AT","female","1953-01-01",1,NULL,NULL,0,NULL,NULL
NULL,NULL,NULL,515,1,"U-AT",2,"tracking","U.","AT","female","1958-01-01",1,NULL,NULL,0,NULL,NULL
NULL,NULL,NULL,516,1,"V-AT",3,"tracking","V.","AT","female","1933-01-01",1,NULL,NULL,0,NULL,NULL
NULL,NULL,NULL,517,1,"W-AT",1,"tracking","W.","AT","female","1934-01-01",1,NULL,NULL,0,NULL,NULL
NULL,NULL,NULL,518,1,"X-AT",2,"tracking","X.","AT","female","1966-01-01",1,NULL,NULL,0,NULL,NULL
NULL,NULL,NULL,519,1,"Y-AT",3,"tracking","Y.","AT","male","1950-01-01",1,NULL,NULL,0,NULL,NULL
NULL,NULL,NULL,520,1,"Z-AT",1,"tracking","Z.","AT","male","1965-01-01",1,NULL,NULL,0,NULL,NULL
NULL,NULL,NULL,521,1,"A-AU",2,"tracking","A.","AU","male","1927-01-01",1,NULL,NULL,0,"2010-01-01",NULL
NULL,NULL,NULL,522,1,"B-AU",3,"tracking","B.","AU","male","1932-01-01",1,NULL,NULL,0,"2010-07-01",NULL
NULL,NULL,NULL,523,1,"C-AU",1,"tracking","C.","AU","male","1938-01-01",1,NULL,NULL,0,"2011-01-01",NULL
NULL,NULL,NULL,524,1,"D-AU",2,"tracking","D.","AU","male","1952-01-01",1,"deceased",NULL,0,NULL,NULL
NULL,NULL,NULL,525,1,"E-AU",3,"tracking","E.","AU","male","1927-01-01",1,NULL,"en",0,NULL,NULL
NULL,NULL,NULL,526,1,"F-AU",1,"tracking","F.","AU","female","1944-01-01",1,NULL,"fr",0,NULL,NULL
NULL,NULL,NULL,527,1,"G-AU",2,"tracking","G.","AU","female","1964-01-01",1,NULL,NULL,0,NULL,NULL
NULL,NULL,NULL,528,1,"H-AU",3,"tracking","H.","AU","female","1950-01-01",1,NULL,NULL,0,NULL,NULL
NULL,NULL,NULL,529,1,"I-AU",1,"tracking","I.","AU","female","1943-01-01",1,NULL,NULL,0,NULL,NULL
NULL,NULL,NULL,530,1,"J-AU",2,"tracking","J.","AU","female","1951-01-01",1,NULL,NULL,0,NULL,NULL
NULL,NULL,NULL,531,1,"K-AU",3,"tracking","K.","AU","female","1955-01-01",1,NULL,NULL,0,NULL,NULL
NULL,NULL,NULL,532,1,"L-AU",1,"tracking","L.","AU","female","1932-01-01",1,NULL,NULL,0,NULL,NULL
NULL,NULL,NULL,533,1,"M-AU",2,"tracking","M.","AU","male","1931-01-01",1,NULL,NULL,0,NULL,NULL
NULL,NULL,NULL,534,1,"N-AU",3,"tracking","N.","AU","male","1945-01-01",1,NULL,NULL,0,NULL,NULL
NULL,NULL,NULL,535,1,"O-AU",1,"tracking","O.","AU","male","1927-01-01",1,NULL,NULL,0,NULL,NULL
NULL,NULL,NULL,536,1,"P-AU",2,"tracking","P.","AU","male","1935-01-01",1,NULL,NULL,0,NULL,NULL
NULL,NULL,NULL,537,1,"Q-AU",3,"tracking","Q.","AU","male","1959-01-01",1,NULL,NULL,0,NULL,NULL
NULL,NULL,NULL,538,1,"R-AU",1,"tracking","R.","AU","male","1931-01-01",1,NULL,NULL,0,NULL,NULL
NULL,NULL,NULL,539,1,"S-AU",2,"tracking","S.","AU","male","1948-01-01",1,NULL,NULL,0,NULL,NULL
NULL,NULL,NULL,540,1,"T-AU",3,"tracking","T.","AU","female","1950-01-01",1,NULL,NULL,0,NULL,NULL
NULL,NULL,NULL,541,1,"U-AU",1,"tracking","U.","AU","female","1928-01-01",1,NULL,NULL,0,NULL,NULL
NULL,NULL,NULL,542,1,"V-AU",2,"tracking","V.","AU","female","1943-01-01",1,NULL,NULL,0,NULL,NULL
NULL,NULL,NULL,543,1,"W-AU",3,"tracking","W.","AU","female","1948-01-01",1,NULL,NULL,0,NULL,NULL
NULL,NULL,NULL,544,1,"X-AU",1,"tracking","X.","AU","female","1958-01-01",1,NULL,NULL,0,NULL,NULL
NULL,NULL,NULL,545,1,"Y-AU",2,"tracking","Y.","AU","female","1927-01-01",1,NULL,NULL,0,NULL,NULL
NULL,NULL,NULL,546,1,"Z-AU",3,"tracking","Z.","AU","female","1937-01-01",1,NULL,NULL,0,NULL,NULL
NULL,NULL,NULL,547,1,"A-AV",1,"tracking","A.","AV","male","1944-01-01",1,NULL,NULL,0,"2010-01-01",NULL
NULL,NULL,NULL,548,1,"B-AV",2,"tracking","B.","AV","male","1926-01-01",1,NULL,NULL,0,"2010-07-01",NULL
NULL,NULL,NULL,549,1,"C-AV",3,"tracking","C.","AV","male","1955-01-01",1,NULL,NULL,0,"2011-01-01",NULL
NULL,NULL,NULL,550,1,"D-AV",1,"tracking","D.","AV","male","1944-01-01",1,"deceased",NULL,0,NULL,NULL
NULL,NULL,NULL,551,1,"E-AV",2,"tracking","E.","AV","male","1949-01-01",1,NULL,"en",0,NULL,NULL
NULL,NULL,NULL,552,1,"F-AV",3,"tracking","F.","AV","male","1943-01-01",1,NULL,"fr",0,NULL,NULL
NULL,NULL,NULL,553,1,"G-AV",1,"tracking","G.","AV","male","1941-01-01",1,NULL,NULL,0,NULL,NULL
NULL,NULL,NULL,554,1,"H-AV",2,"tracking","H.","AV","female","1940-01-01",1,NULL,NULL,0,NULL,NULL
NULL,NULL,NULL,555,1,"I-AV",3,"tracking","I.","AV","female","1960-01-01",1,NULL,NULL,0,NULL,NULL
NULL,NULL,NULL,556,1,"J-AV",1,"tracking","J.","AV","female","1942-01-01",1,NULL,NULL,0,NULL,NULL
NULL,NULL,NULL,557,1,"K-AV",2,"tracking","K.","AV","female","1959-01-01",1,NULL,NULL,0,NULL,NULL
NULL,NULL,NULL,558,1,"L-AV",3,"tracking","L.","AV","female","1958-01-01",1,NULL,NULL,0,NULL,NULL
NULL,NULL,NULL,559,1,"M-AV",1,"tracking","M.","AV","female","1926-01-01",1,NULL,NULL,0,NULL,NULL
NULL,NULL,NULL,560,1,"N-AV",2,"tracking","N.","AV","female","1936-01-01",1,NULL,NULL,0,NULL,NULL
NULL,NULL,NULL,561,1,"O-AV",3,"tracking","O.","AV","male","1943-01-01",1,NULL,NULL,0,NULL,NULL
NULL,NULL,NULL,562,1,"P-AV",1,"tracking","P.","AV","male","1955-01-01",1,NULL,NULL,0,NULL,NULL
NULL,NULL,NULL,563,1,"Q-AV",2,"tracking","Q.","AV","male","1942-01-01",1,NULL,NULL,0,NULL,NULL
NULL,NULL,NULL,564,1,"R-AV",3,"tracking","R.","AV","male","1941-01-01",1,NULL,NULL,0,NULL,NULL
NULL,NULL,NULL,565,1,"S-AV",1,"tracking","S.","AV","male","1956-01-01",1,NULL,NULL,0,NULL,NULL
NULL,NULL,NULL,566,1,"T-AV",2,"tracking","T.","AV","male","1940-01-01",1,NULL,NULL,0,NULL,NULL
NULL,NULL,NULL,567,1,"U-AV",3,"tracking","U.","AV","male","1950-01-01",1,NULL,NULL,0,NULL,NULL
NULL,NULL,NULL,568,1,"V-AV",1,"tracking","V.","AV","female","1935-01-01",1,NULL,NULL,0,NULL,NULL
NULL,NULL,NULL,569,1,"W-AV",2,"tracking","W.","AV","female","1963-01-01",1,NULL,NULL,0,NULL,NULL
NULL,NULL,NULL,570,1,"X-AV",3,"tracking","X.","AV","female","1934-01-01",1,NULL,NULL,0,NULL,NULL
NULL,NULL,NULL,571,1,"Y-AV",1,"tracking","Y.","AV","female","1954-01-01",1,NULL,NULL,0,NULL,NULL
NULL,NULL,NULL,572,1,"Z-AV",2,"tracking","Z.","AV","female","1929-01-01",1,NULL,NULL,0,NULL,NULL
NULL,NULL,NULL,573,1,"A-AW",3,"tracking","A.","AW","female","1953-01-01",1,NULL,NULL,0,"2010-01-01",NULL
NULL,NULL,NULL,574,1,"B-AW",1,"tracking","B.","AW","female","1948-01-01",1,NULL,NULL,0,"2010-07-01",NULL
NULL,NULL,NULL,575,1,"C-AW",2,"tracking","C.","AW","male","1950-01-01",1,NULL,NULL,0,"2011-01-01",NULL
NULL,NULL,NULL,576,1,"D-AW",3,"tracking","D.","AW","male","1965-01-01",1,"deceased",NULL,0,NULL,NULL
NULL,NULL,NULL,577,1,"E-AW",1,"tracking","E.","AW","male","1953-01-01",1,NULL,"en",0,NULL,NULL
NULL,NULL,NULL,578,1,"F-AW",2,"tracking","F.","AW","male","1931-01-01",1,NULL,"fr",0,NULL,NULL
NULL,NULL,NULL,579,1,"G-AW",3,"tracking","G.","AW","male","1955-01-01",1,NULL,NULL,0,NULL,NULL
NULL,NULL,NULL,580,1,"H-AW",1,"tracking","H.","AW","male","1946-01-01",1,NULL,NULL,0,NULL,NULL
NULL,NULL,NULL,581,1,"I-AW",2,"tracking","I.","AW","male","1956-01-01",1,NULL,NULL,0,NULL,NULL
NULL,NULL,NULL,582,1,"J-AW",3,"tracking","J.","AW","female","1961-01-01",1,NULL,NULL,0,NULL,NULL
NULL,NULL,NULL,583,1,"K-AW",1,"tracking","K.","AW","female","1930-01-01",1,NULL,NULL,0,NULL,NULL
NULL,NULL,NULL,584,1,"L-AW",2,"tracking","L.","AW","female","1941-01-01",1,NULL,NULL,0,NULL,NULL
NULL,NULL,NULL,585,1,"M-AW",3,"tracking","M.","AW","female","1931-01-01",1,NULL,NULL,0,NULL,NULL
NULL,NULL,NULL,586,1,"N-AW",1,"tracking","N.","AW","female","1939-01-01",1,NULL,NULL,0,NULL,NULL
NULL,NULL,NULL,587,1,"O-AW",2,"tracking","O.","AW","female","1957-01-01",1,NULL,NULL,0,NULL,NULL
NULL,NULL,NULL,588,1,"P-AW",3,"tracking","P.","AW","female","1963-01-01",1,NULL,NULL,0,NULL,NULL
NULL,NULL,NULL,589,1,"Q-AW",1,"tracking","Q.","AW","male","1960-01-01",1,NULL,NULL,0,NULL,NULL
NULL,NULL,NULL,590,1,"R-AW",2,"tracking","R.","AW","male","1963-01-01",1,NULL,NULL,0,NULL,NULL
NULL,NULL,NULL,591,1,"S-AW",3,"tracking","S.","AW","male","1955-01-01",1,NULL,NULL,0,NULL,NULL
NULL,NULL,NULL,592,1,"T-AW",1,"tracking","T.","AW","male","1950-01-01",1,NULL,NULL,0,NULL,NULL
NULL,NULL,NULL,593,1,"U-AW",2,"tracking","U.","AW","male","1955-01-01",1,NULL,NULL,0,NULL,NULL
NULL,NULL,NULL,594,1,"V-AW",3,"tracking","V.","AW","male","1952-01-01",1,NULL,NULL,0,NULL,NULL
NULL,NULL,NULL,595,1,"W-AW",1,"tracking","W.","AW","male","1965-01-01",1,NULL,NULL,0,NULL,NULL
NULL,NULL,NULL,596,1,"X-AW",2,"tracking","X.","AW","female","1945-01-01",1,NULL,NULL,0,NULL,NULL
NULL,NULL,NULL,597,1,"Y-AW",3,"tracking","Y.","AW","female","1926-01-01",1,NULL,NULL,0,NULL,NULL
NULL,NULL,NULL,598,1,"Z-AW",1,"tracking","Z.","AW","female","1949-01-01",1,NULL,NULL,0,NULL,NULL
NULL,NULL,NULL,599,1,"A-AX",2,"tracking","A.","AX","female","1954-01-01",1,NULL,NULL,0,"2010-01-01",NULL
NULL,NULL,NULL,600,1,"B-AX",3,"tracking","B.","AX","female","1963-01-01",1,NULL,NULL,0,"2010-07-01",NULL
NULL,NULL,NULL,601,1,"C-AX",1,"tracking","C.","AX","female","1957-01-01",1,NULL,NULL,0,"2011-01-01",NULL
NULL,NULL,NULL,602,1,"D-AX",2,"tracking","D.","AX","female","1942-01-01",1,"deceased",NULL,0,NULL,NULL
NULL,NULL,NULL,603,1,"E-AX",3,"tracking","E.","AX","male","1957-01-01",1,NULL,"en",0,NULL,NULL
NULL,NULL,NULL,604,1,"F-AX",1,"tracking","F.","AX","male","1948-01-01",1,NULL,"fr",0,NULL,NULL
NULL,NULL,NULL,605,1,"G-AX",2,"tracking","G.","AX","male","1938-01-01",1,NULL,NULL,0,NULL,NULL
NULL,NULL,NULL,606,1,"H-AX",3,"tracking","H.","AX","male","1956-01-01",1,NULL,NULL,0,NULL,NULL
NULL,NULL,NULL,607,1,"I-AX",1,"tracking","I.","AX","male","1926-01-01",1,NULL,NULL,0,NULL,NULL
NULL,NULL,NULL,608,1,"J-AX",2,"tracking","J.","AX","male","1935-01-01",1,NULL,NULL,0,NULL,NULL
NULL,NULL,NULL,609,1,"K-AX",3,"tracking","K.","AX","male","1951-01-01",1,NULL,NULL,0,NULL,NULL
NULL,NULL,NULL,610,1,"L-AX",1,"tracking","L.","AX","female","1930-01-01",1,NULL,NULL,0,NULL,NULL
NULL,NULL,NULL,611,1,"M-AX",2,"tracking","M.","AX","female","1951-01-01",1,NULL,NULL,0,NULL,NULL
NULL,NULL,NULL,612,1,"N-AX",3,"tracking","N.","AX","female","1964-01-01",1,NULL,NULL,0,NULL,NULL
NULL,NULL,NULL,613,1,"O-AX",1,"tracking","O.","AX","female","1944-01-01",1,NULL,NULL,0,NULL,NULL
NULL,NULL,NULL,614,1,"P-AX",2,"tracking","P.","AX","female","1935-01-01",1,NULL,NULL,0,NULL,NULL
NULL,NULL,NULL,615,1,"Q-AX",3,"tracking","Q.","AX","female","1946-01-01",1,NULL,NULL,0,NULL,NULL
NULL,NULL,NULL,616,1,"R-AX",1,"tracking","R.","AX","female","1949-01-01",1,NULL,NULL,0,NULL,NULL
NULL,NULL,NULL,617,1,"S-AX",2,"tracking","S.","AX","male","1950-01-01",1,NULL,NULL,0,NULL,NULL
NULL,NULL,NULL,618,1,"T-AX",3,"tracking","T.","AX","male","1945-01-01",1,NULL,NULL,0,NULL,NULL
NULL,NULL,NULL,619,1,"U-AX",1,"tracking","U.","AX","male","1933-01-01",1,NULL,NULL,0,NULL,NULL
NULL,NULL,NULL,620,1,"V-AX",2,"tracking","V.","AX","male","1945-01-01",1,NULL,NULL,0,NULL,NULL
NULL,NULL,NULL,621,1,"W-AX",3,"tracking","W.","AX","male","1959-01-01",1,NULL,NULL,0,NULL,NULL
NULL,NULL,NULL,622,1,"X-AX",1,"tracking","X.","AX","male","1946-01-01",1,NULL,NULL,0,NULL,NULL
NULL,NULL,NULL,623,1,"Y-AX",2,"tracking","Y.","AX","male","1938-01-01",1,NULL,NULL,0,NULL,NULL
NULL,NULL,NULL,624,1,"Z-AX",3,"tracking","Z.","AX","female","1931-01-01",1,NULL,NULL,0,NULL,NULL
NULL,NULL,NULL,625,1,"A-AY",1,"tracking","A.","AY","female","1947-01-01",1,NULL,NULL,0,"2010-01-01",NULL
NULL,NULL,NULL,626,1,"B-AY",2,"tracking","B.","AY","female","1956-01-01",1,NULL,NULL,0,"2010-07-01",NULL
NULL,NULL,NULL,627,1,"C-AY",3,"tracking","C.","AY","female","1959-01-01",1,NULL,NULL,0,"2011-01-01",NULL
NULL,NULL,NULL,628,1,"D-AY",1,"tracking","D.","AY","female","1951-01-01",1,"deceased",NULL,0,NULL,NULL
NULL,NULL,NULL,629,1,"E-AY",2,"tracking","E.","AY","female","1932-01-01",1,NULL,"en",0,NULL,NULL
NULL,NULL,NULL,630,1,"F-AY",3,"tracking","F.","AY","female","1950-01-01",1,NULL,"fr",0,NULL,NULL
NULL,NULL,NULL,631,1,"G-AY",1,"tracking","G.","AY","male","1951-01-01",1,NULL,NULL,0,NULL,NULL
NULL,NULL,NULL,632,1,"H-AY",2,"tracking","H.","AY","male","1936-01-01",1,NULL,NULL,0,NULL,NULL
NULL,NULL,NULL,633,1,"I-AY",3,"tracking","I.","AY","male","1935-01-01",1,NULL,NULL,0,NULL,NULL
NULL,NULL,NULL,634,1,"J-AY",1,"tracking","J.","AY","male","1942-01-01",1,NULL,NULL,0,NULL,NULL
NULL,NULL,NULL,635,1,"K-AY",2,"tracking","K.","AY","male","1958-01-01",1,NULL,NULL,0,NULL,NULL
NULL,NULL,NULL,636,1,"L-AY",3,"tracking","L.","AY","male","1947-01-01",1,NULL,NULL,0,NULL,NULL
NULL,NULL,NULL,637,1,"M-AY",1,"tracking","M.","AY","male","1933-01-01",1,NULL,NULL,0,NULL,NULL
NULL,NULL,NULL,638,1,"N-AY",2,"tracking","N.","AY","female","1959-01-01",1,NULL,NULL,0,NULL,NULL
NULL,NULL,NULL,639,1,"O-AY",3,"tracking","O.","AY","female","1956-01-01",1,NULL,NULL,0,NULL,NULL
NULL,NULL,NULL,640,1,"P-AY",1,"tracking","P.","AY","female","1957-01-01",1,NULL,NULL,0,NULL,NULL
NULL,NULL,NULL,641,1,"Q-AY",2,"tracking","Q.","AY","female","1963-01-01",1,NULL,NULL,0,NULL,NULL
NULL,NULL,NULL,642,1,"R-AY",3,"tracking","R.","AY","female","1950-01-01",1,NULL,NULL,0,NULL,NULL
NULL,NULL,NULL,643,1,"S-AY",1,"tracking","S.","AY","female","1942-01-01",1,NULL,NULL,0,NULL,NULL
NULL,NULL,NULL,644,1,"T-AY",2,"tracking","T.","AY","female","1929-01-01",1,NULL,NULL,0,NULL,NULL
NULL,NULL,NULL,645,1,"U-AY",3,"tracking","U.","AY","male","1965-01-01",1,NULL,NULL,0,NULL,NULL
NULL,NULL,NULL,646,1,"V-AY",1,"tracking","V.","AY","male","1929-01-01",1,NULL,NULL,0,NULL,NULL
NULL,NULL,NULL,647,1,"W-AY",2,"tracking","W.","AY","male","1962-01-01",1,NULL,NULL,0,NULL,NULL
NULL,NULL,NULL,648,1,"X-AY",3,"tracking","X.","AY","male","1954-01-01",1,NULL,NULL,0,NULL,NULL
NULL,NULL,NULL,649,1,"Y-AY",1,"tracking","Y.","AY","male","1960-01-01",1,NULL,NULL,0,NULL,NULL
NULL,NULL,NULL,650,1,"Z-AY",2,"tracking","Z.","AY","male","1957-01-01",1,NULL,NULL,0,NULL,NULL
NULL,NULL,NULL,651,1,"A-AZ",3,"tracking","A.","AZ","male","1944-01-01",1,NULL,NULL,0,"2010-01-01",NULL
NULL,NULL,NULL,652,1,"B-AZ",1,"tracking","B.","AZ","female","1953-01-01",1,NULL,NULL,0,"2010-07-01",NULL
NULL,NULL,NULL,653,1,"C-AZ",2,"tracking","C.","AZ","female","1965-01-01",1,NULL,NULL,0,"2011-01-01",NULL
NULL,NULL,NULL,654,1,"D-AZ",3,"tracking","D.","AZ","female","1944-01-01",1,"deceased",NULL,0,NULL,NULL
NULL,NULL,NULL,655,1,"E-AZ",1,"tracking","E.","AZ","female","1963-01-01",1,NULL,"en",0,NULL,NULL
NULL,NULL,NULL,656,1,"F-AZ",2,"tracking","F.","AZ","female","1961-01-01",1,NULL,"fr",0,NULL,NULL
NULL,NULL,NULL,657,1,"G-AZ",3,"tracking","G.","AZ","female","1930-01-01",1,NULL,NULL,0,NULL,NULL
NULL,NULL,NULL,658,1,"H-AZ",1,"tracking","H.","AZ","female","1942-01-01",1,NULL,NULL,0,NULL,NULL
NULL,NULL,NULL,659,1,"I-AZ",2,"tracking","I.","AZ","male","1939-01-01",1,NULL,NULL,0,NULL,NULL
NULL,NULL,NULL,660,1,"J-AZ",3,"tracking","J.","AZ","male","1939-01-01",1,NULL,NULL,0,NULL,NULL
NULL,NULL,NULL,661,1,"K-AZ",1,"tracking","K.","AZ","male","1950-01-01",1,NULL,NULL,0,NULL,NULL
NULL,NULL,NULL,662,1,"L-AZ",2,"tracking","L.","AZ","male","1947-01-01",1,NULL,NULL,0,NULL,NULL
NULL,NULL,NULL,663,1,"M-AZ",3,"tracking","M.","AZ","male","1931-01-01",1,NULL,NULL,0,NULL,NULL
NULL,NULL,NULL,664,1,"N-AZ",1,"tracking","N.","AZ","male","1941-01-01",1,NULL,NULL,0,NULL,NULL
NULL,NULL,NULL,665,1,"O-AZ",2,"tracking","O.","AZ","male","1966-01-01",1,NULL,NULL,0,NULL,NULL
NULL,NULL,NULL,666,1,"P-AZ",3,"tracking","P.","AZ","female","1950-01-01",1,NULL,NULL,0,NULL,NULL
NULL,NULL,NULL,667,1,"Q-AZ",1,"tracking","Q.","AZ","female","1960-01-01",1,NULL,NULL,0,NULL,NULL
NULL,NULL,NULL,668,1,"R-AZ",2,"tracking","R.","AZ","female","1940-01-01",1,NULL,NULL,0,NULL,NULL
NULL,NULL,NULL,669,1,"S-AZ",3,"tracking","S.","AZ","female","1940-01-01",1,NULL,NULL,0,NULL,NULL
NULL,NULL,NULL,670,1,"T-AZ",1,"tracking","T.","AZ","female","1959-01-01",1,NULL,NULL,0,NULL,NULL
NULL,NULL,NULL,671,1,"U-AZ",2,"tracking","U.","AZ","female","1938-01-01",1,NULL,NULL,0,NULL,NULL
NULL,NULL,NULL,672,1,"V-AZ",3,"tracking","V.","AZ","female","1927-01-01",1,NULL,NULL,0,NULL,NULL
NULL,NULL,NULL,673,1,"W-AZ",1,"tracking","W.","AZ","male","1943-01-01",1,NULL,NULL,0,NULL,NULL
NULL,NULL,NULL,674,1,"X-AZ",2,"tracking","X.","AZ","male","1954-01-01",1,NULL,NULL,0,NULL,NULL
NULL,NULL,NULL,675,1,"Y-AZ",3,"tracking","Y.","AZ","male","1930-01-01",1,NULL,NULL,0,NULL,NULL
NULL,NULL,NULL,676,1,"Z-AZ",1,"tracking","Z.","AZ","male","1942-01-01",1,NULL,NULL,0,NULL,NULL
NULL,NULL,NULL,677,1,"A-BA",2,"tracking","A.","BA","male","1957-01-01",1,NULL,NULL,0,"2010-01-01",NULL
NULL,NULL,NULL,678,1,"B-BA",3,"tracking","B.","BA","male","1966-01-01",1,NULL,NULL,0,"2010-07-01",NULL
NULL,NULL,NULL,679,1,"C-BA",1,"tracking","C.","BA","male","1930-01-01",1,NULL,NULL,0,"2011-01-01",NULL
NULL,NULL,NULL,680,1,"D-BA",2,"tracking","D.","BA","female","1951-01-01",1,"deceased",NULL,0,NULL,NULL
NULL,NULL,NULL,681,1,"E-BA",3,"tracking","E.","BA","female","1936-01-01",1,NULL,"en",0,NULL,NULL
NULL,NULL,NULL,682,1,"F-BA",1,"tracking","F.","BA","female","1954-01-01",1,NULL,"fr",0,NULL,NULL
NULL,NULL,NULL,683,1,"G-BA",2,"tracking","G.","BA","female","1953-01-01",1,NULL,NULL,0,NULL,NULL
NULL,NULL,NULL,684,1,"H-BA",3,"tracking","H.","BA","female","1962-01-01",1,NULL,NULL,0,NULL,NULL
NULL,NULL,NULL,685,1,"I-BA",1,"tracking","I.","BA","female","1936-01-01",1,NULL,NULL,0,NULL,NULL
NULL,NULL,NULL,686,1,"J-BA",2,"tracking","J.","BA","female","1946-01-01",1,NULL,NULL,0,NULL,NULL
NULL,NULL,NULL,687,1,"K-BA",3,"tracking","K.","BA","male","1949-01-01",1,NULL,NULL,0,NULL,NULL
NULL,NULL,NULL,688,1,"L-BA",1,"tracking","L.","BA","male","1964-01-01",1,NULL,NULL,0,NULL,NULL
NULL,NULL,NULL,689,1,"M-BA",2,"tracking","M.","BA","male","1951-01-01",1,NULL,NULL,0,NULL,NULL
NULL,NULL,NULL,690,1,"N-BA",3,"tracking","N.","BA","male","1945-01-01",1,NULL,NULL,0,NULL,NULL
NULL,NULL,NULL,691,1,"O-BA",1,"tracking","O.","BA","male","1942-01-01",1,NULL,NULL,0,NULL,NULL
NULL,NULL,NULL,692,1,"P-BA",2,"tracking","P.","BA","male","1941-01-01",1,NULL,NULL,0,NULL,NULL
NULL,NULL,NULL,693,1,"Q-BA",3,"tracking","Q.","BA","male","1953-01-01",1,NULL,NULL,0,NULL,NULL
NULL,NULL,NULL,694,1,"R-BA",1,"tracking","R.","BA","female","1959-01-01",1,NULL,NULL,0,NULL,NULL
NULL,NULL,NULL,695,1,"S-BA",2,"tracking","S.","BA","female","1955-01-01",1,NULL,NULL,0,NULL,NULL
NULL,NULL,NULL,696,1,"T-BA",3,"tracking","T.","BA","female","1956-01-01",1,NULL,NULL,0,NULL,NULL
NULL,NULL,NULL,697,1,"U-BA",1,"tracking","U.","BA","female","1961-01-01",1,NULL,NULL,0,NULL,NULL
NULL,NULL,NULL,698,1,"V-BA",2,"tracking","V.","BA","female","1956-01-01",1,NULL,NULL,0,NULL,NULL
NULL,NULL,NULL,699,1,"W-BA",3,"tracking","W.","BA","female","1959-01-01",1,NULL,NULL,0,NULL,NULL
NULL,NULL,NULL,700,1,"X-BA",1,"tracking","X.","BA","female","1934-01-01",1,NULL,NULL,0,NULL,NULL
NULL,NULL,NULL,701,1,"Y-BA",2,"tracking","Y.","BA","male","1966-01-01",1,NULL,NULL,0,NULL,NULL
NULL,NULL,NULL,702,1,"Z-BA",3,"tracking","Z.","BA","male","1937-01-01",1,NULL,NULL,0,NULL,NULL
NULL,NULL,NULL,703,1,"A-BB",1,"tracking","A.","BB","male","1961-01-01",1,NULL,NULL,0,"2010-01-01",NULL
NULL,NULL,NULL,704,1,"B-BB",2,"tracking","B.","BB","male","1952-01-01",1,NULL,NULL,0,"2010-07-01",NULL
NULL,NULL,NULL,705,1,"C-BB",3,"tracking","C.","BB","male","1945-01-01",1,NULL,NULL,0,"2011-01-01",NULL
NULL,NULL,NULL,706,1,"D-BB",1,"tracking","D.","BB","male","1945-01-01",1,"deceased",NULL,0,NULL,NULL
NULL,NULL,NULL,707,1,"E-BB",2,"tracking","E.","BB","male","1935-01-01",1,NULL,"en",0,NULL,NULL
NULL,NULL,NULL,708,1,"F-BB",3,"tracking","F.","BB","female","1934-01-01",1,NULL,"fr",0,NULL,NULL
NULL,NULL,NULL,709,1,"G-BB",1,"tracking","G.","BB","female","1934-01-01",1,NULL,NULL,0,NULL,NULL
NULL,NULL,NULL,710,1,"H-BB",2,"tracking","H.","BB","female","1957-01-01",1,NULL,NULL,0,NULL,NULL
NULL,NULL,NULL,711,1,"I-BB",3,"tracking","I.","BB","female","1958-01-01",1,NULL,NULL,0,NULL,NULL
NULL,NULL,NULL,712,1,"J-BB",1,"tracking","J.","BB","female","1944-01-01",1,NULL,NULL,0,NULL,NULL
NULL,NULL,NULL,713,1,"K-BB",2,"tracking","K.","BB","female","1945-01-01",1,NULL,NULL,0,NULL,NULL
NULL,NULL,NULL,714,1,"L-BB",3,"tracking","L.","BB","female","1945-01-01",1,NULL,NULL,0,NULL,NULL
NULL,NULL,NULL,715,1,"M-BB",1,"tracking","M.","BB","male","1941-01-01",1,NULL,NULL,0,NULL,NULL
NULL,NULL,NULL,716,1,"N-BB",2,"tracking","N.","BB","male","1955-01-01",1,NULL,NULL,0,NULL,NULL
NULL,NULL,NULL,717,1,"O-BB",3,"tracking","O.","BB","male","1965-01-01",1,NULL,NULL,0,NULL,NULL
NULL,NULL,NULL,718,1,"P-BB",1,"tracking","P.","BB","male","1963-01-01",1,NULL,NULL,0,NULL,NULL
NULL,NULL,NULL,719,1,"Q-BB",2,"tracking","Q.","BB","male","1953-01-01",1,NULL,NULL,0,NULL,NULL
NULL,NULL,NULL,720,1,"R-BB",3,"tracking","R.","BB","male","1943-01-01",1,NULL,NULL,0,NULL,NULL
NULL,NULL,NULL,721,1,"S-BB",1,"tracking","S.","BB","male","1956-01-01",1,NULL,NULL,0,NULL,NULL
NULL,NULL,NULL,722,1,"T-BB",2,"tracking","T.","BB","female","1962-01-01",1,NULL,NULL,0,NULL,NULL
NULL,NULL,NULL,723,1,"U-BB",3,"tracking","U.","BB","female","1963-01-01",1,NULL,NULL,0,NULL,NULL
NULL,NULL,NULL,724,1,"V-BB",1,"tracking","V.","BB","female","1947-01-01",1,NULL,NULL,0,NULL,NULL
NULL,NULL,NULL,725,1,"W-BB",2,"tracking","W.","BB","female","1932-01-01",1,NULL,NULL,0,NULL,NULL
NULL,NULL,NULL,726,1,"X-BB",3,"tracking","X.","BB","female","1965-01-01",1,NULL,NULL,0,NULL,NULL
NULL,NULL,NULL,727,1,"Y-BB",1,"tracking","Y.","BB","female","1962-01-01",1,NULL,NULL,0,NULL,NULL
NULL,NULL,NULL,728,1,"Z-BB",2,"tracking","Z.","BB","female","1947-01-01",1,NULL,NULL,0,NULL,NULL
NULL,NULL,NULL,729,1,"A-BC",3,"tracking","A.","BC","male","1932-01-01",1,NULL,NULL,0,"2010-01-01",NULL
NULL,NULL,NULL,730,1,"B-BC",1,"tracking","B.","BC","male","1929-01-01",1,NULL,NULL,0,"2010-07-01",NULL
NULL,NULL,NULL,731,1,"C-BC",2,"tracking","C.","BC","male","1952-01-01",1,NULL,NULL,0,"2011-01-01",NULL
NULL,NULL,NULL,732,1,"D-BC",3,"tracking","D.","BC","male","1949-01-01",1,"deceased",NULL,0,NULL,NULL
NULL,NULL,NULL,733,1,"E-BC",1,"tracking","E.","BC","male","1959-01-01",1,NULL,"en",0,NULL,NULL
NULL,NULL,NULL,734,1,"F-BC",2,"tracking","F.","BC","male","1953-01-01",1,NULL,"fr",0,NULL,NULL
NULL,NULL,NULL,735,1,"G-BC",3,"tracking","G.","BC","male","1954-01-01",1,NULL,NULL,0,NULL,NULL
NULL,NULL,NULL,736,1,"H-BC",1,"tracking","H.","BC","female","1931-01-01",1,NULL,NULL,0,NULL,NULL
NULL,NULL,NULL,737,1,"I-BC",2,"tracking","I.","BC","female","1962-01-01",1,NULL,NULL,0,NULL,NULL
NULL,NULL,NULL,738,1,"J-BC",3,"tracking","J.","BC","female","1944-01-01",1,NULL,NULL,0,NULL,NULL
NULL,NULL,NULL,739,1,"K-BC",1,"tracking","K.","BC","female","1956-01-01",1,NULL,NULL,0,NULL,NULL
NULL,NULL,NULL,740,1,"L-BC",2,"tracking","L.","BC","female","1934-01-01",1,NULL,NULL,0,NULL,NULL
NULL,NULL,NULL,741,1,"M-BC",3,"tracking","M.","BC","female","1943-01-01",1,NULL,NULL,0,NULL,NULL
NULL,NULL,NULL,742,1,"N-BC",1,"tracking","N.","BC","female","1940-01-01",1,NULL,NULL,0,NULL,NULL
NULL,NULL,NULL,743,1,"O-BC",2,"tracking","O.","BC","male","1929-01-01",1,NULL,NULL,0,NULL,NULL
NULL,NULL,NULL,744,1,"P-BC",3,"tracking","P.","BC","male","1929-01-01",1,NULL,NULL,0,NULL,NULL
NULL,NULL,NULL,745,1,"Q-BC",1,"tracking","Q.","BC","male","1927-01-01",1,NULL,NULL,0,NULL,NULL
NULL,NULL,NULL,746,1,"R-BC",2,"tracking","R.","BC","male","1929-01-01",1,NULL,NULL,0,NULL,NULL
NULL,NULL,NULL,747,1,"S-BC",3,"tracking","S.","BC","male","1938-01-01",1,NULL,NULL,0,NULL,NULL
NULL,NULL,NULL,748,1,"T-BC",1,"tracking","T.","BC","male","1935-01-01",1,NULL,NULL,0,NULL,NULL
NULL,NULL,NULL,749,1,"U-BC",2,"tracking","U.","BC","male","1944-01-01",1,NULL,NULL,0,NULL,NULL
NULL,NULL,NULL,750,1,"V-BC",3,"tracking","V.","BC","female","1954-01-01",1,NULL,NULL,0,NULL,NULL
NULL,NULL,NULL,751,1,"W-BC",1,"tracking","W.","BC","female","1953-01-01",1,NULL,NULL,0,NULL,NULL
NULL,NULL,NULL,752,1,"X-BC",2,"tracking","X.","BC","female","1934-01-01",1,NULL,NULL,0,NULL,NULL
NULL,NULL,NULL,753,1,"Y-BC",3,"tracking","Y.","BC","female","1949-01-01",1,NULL,NULL,0,NULL,NULL
NULL,NULL,NULL,754,1,"Z-BC",1,"tracking","Z.","BC","female","1949-01-01",1,NULL,NULL,0,NULL,NULL
NULL,NULL,NULL,755,1,"A-BD",2,"tracking","A.","BD","female","1955-01-01",1,NULL,NULL,0,"2010-01-01",NULL
NULL,NULL,NULL,756,1,"B-BD",3,"tracking","B.","BD","female","1955-01-01",1,NULL,NULL,0,"2010-07-01",NULL
NULL,NULL,NULL,757,1,"C-BD",1,"tracking","C.","BD","male","1948-01-01",1,NULL,NULL,0,"2011-01-01",NULL
NULL,NULL,NULL,758,1,"D-BD",2,"tracking","D.","BD","male","1950-01-01",1,"deceased",NULL,0,NULL,NULL
NULL,NULL,NULL,759,1,"E-BD",3,"tracking","E.","BD","male","1949-01-01",1,NULL,"en",0,NULL,NULL
NULL,NULL,NULL,760,1,"F-BD",1,"tracking","F.","BD","male","1952-01-01",1,NULL,"fr",0,NULL,NULL
NULL,NULL,NULL,761,1,"G-BD",2,"tracking","G.","BD","male","1928-01-01",1,NULL,NULL,0,NULL,NULL
NULL,NULL,NULL,762,1,"H-BD",3,"tracking","H.","BD","male","1931-01-01",1,NULL,NULL,0,NULL,NULL
NULL,NULL,NULL,763,1,"I-BD",1,"tracking","I.","BD","male","1950-01-01",1,NULL,NULL,0,NULL,NULL
NULL,NULL,NULL,764,1,"J-BD",2,"tracking","J.","BD","female","1948-01-01",1,NULL,NULL,0,NULL,NULL
NULL,NULL,NULL,765,1,"K-BD",3,"tracking","K.","BD","female","1941-01-01",1,NULL,NULL,0,NULL,NULL
NULL,NULL,NULL,766,1,"L-BD",1,"tracking","L.","BD","female","1931-01-01",1,NULL,NULL,0,NULL,NULL
NULL,NULL,NULL,767,1,"M-BD",2,"tracking","M.","BD","female","1935-01-01",1,NULL,NULL,0,NULL,NULL
NULL,NULL,NULL,768,1,"N-BD",3,"tracking","N.","BD","female","1941-01-01",1,NULL,NULL,0,NULL,NULL
NULL,NULL,NULL,769,1,"O-BD",1,"tracking","O.","BD","female","1947-01-01",1,NULL,NULL,0,NULL,NULL
NULL,NULL,NULL,770,1,"P-BD",2,"tracking","P.","BD","female","1945-01-01",1,NULL,NULL,0,NULL,NULL
NULL,NULL,NULL,771,1,"Q-BD",3,"tracking","Q.","BD","male","1956-01-01",1,NULL,NULL,0,NULL,NULL
NULL,NULL,NULL,772,1,"R-BD",1,"tracking","R.","BD","male","1936-01-01",1,NULL,NULL,0,NULL,NULL
NULL,NULL,NULL,773,1,"S-BD",2,"tracking","S.","BD","male","1928-01-01",1,NULL,NULL,0,NULL,NULL
NULL,NULL,NULL,774,1,"T-BD",3,"tracking","T.","BD","male","1941-01-01",1,NULL,NULL,0,NULL,NULL
NULL,NULL,NULL,775,1,"U-BD",1,"tracking","U.","BD","male","1942-01-01",1,NULL,NULL,0,NULL,NULL
NULL,NULL,NULL,776,1,"V-BD",2,"tracking","V.","BD","male","1933-01-01",1,NULL,NULL,0,NULL,NULL
NULL,NULL,NULL,777,1,"W-BD",3,"tracking","W.","BD","male","1933-01-01",1,NULL,NULL,0,NULL,NULL
NULL,NULL,NULL,778,1,"X-BD",1,"tracking","X.","BD","female","1930-01-01",1,NULL,NULL,0,NULL,NULL
NULL,NULL,NULL,779,1,"Y-BD",2,"tracking","Y.","BD","female","1943-01-01",1,NULL,NULL,0,NULL,NULL
NULL,NULL,NULL,780,1,"Z-BD",3,"tracking","Z.","BD","female","1956-01-01",1,NULL,NULL,0,NULL,NULL
NULL,NULL,NULL,781,1,"A-BE",1,"tracking","A.","BE","female","1927-01-01",1,NULL,NULL,0,"2010-01-01",NULL
NULL,NULL,NULL,782,1,"B-BE",2,"tracking","B.","BE","female","1931-01-01",1,NULL,NULL,0,"2010-07-01",NULL
NULL,NULL,NULL,783,1,"C-BE",3,"tracking","C.","BE","female","1938-01-01",1,NULL,NULL,0,"2011-01-01",NULL
NULL,NULL,NULL,784,1,"D-BE",1,"tracking","D.","BE","female","1935-01-01",1,"deceased",NULL,0,NULL,NULL
NULL,NULL,NULL,785,1,"E-BE",2,"tracking","E.","BE","male","1956-01-01",1,NULL,"en",0,NULL,NULL
NULL,NULL,NULL,786,1,"F-BE",3,"tracking","F.","BE","male","1951-01-01",1,NULL,"fr",0,NULL,NULL
NULL,NULL,NULL,787,1,"G-BE",1,"tracking","G.","BE","male","1938-01-01",1,NULL,NULL,0,NULL,NULL
NULL,NULL,NULL,788,1,"H-BE",2,"tracking","H.","BE","male","1965-01-01",1,NULL,NULL,0,NULL,NULL
NULL,NULL,NULL,789,1,"I-BE",3,"tracking","I.","BE","male","1950-01-01",1,NULL,NULL,0,NULL,NULL
NULL,NULL,NULL,790,1,"J-BE",1,"tracking","J.","BE","male","1961-01-01",1,NULL,NULL,0,NULL,NULL
NULL,NULL,NULL,791,1,"K-BE",2,"tracking","K.","BE","male","1952-01-01",1,NULL,NULL,0,NULL,NULL
NULL,NULL,NULL,792,1,"L-BE",3,"tracking","L.","BE","female","1953-01-01",1,NULL,NULL,0,NULL,NULL
NULL,NULL,NULL,793,1,"M-BE",1,"tracking","M.","BE","female","1966-01-01",1,NULL,NULL,0,NULL,NULL
NULL,NULL,NULL,794,1,"N-BE",2,"tracking","N.","BE","female","1936-01-01",1,NULL,NULL,0,NULL,NULL
NULL,NULL,NULL,795,1,"O-BE",3,"tracking","O.","BE","female","1934-01-01",1,NULL,NULL,0,NULL,NULL
NULL,NULL,NULL,796,1,"P-BE",1,"tracking","P.","BE","female","1941-01-01",1,NULL,NULL,0,NULL,NULL
NULL,NULL,NULL,797,1,"Q-BE",2,"tracking","Q.","BE","female","1941-01-01",1,NULL,NULL,0,NULL,NULL
NULL,NULL,NULL,798,1,"R-BE",3,"tracking","R.","BE","female","1944-01-01",1,NULL,NULL,0,NULL,NULL
NULL,NULL,NULL,799,1,"S-BE",1,"tracking","S.","BE","male","1966-01-01",1,NULL,NULL,0,NULL,NULL
NULL,NULL,NULL,800,1,"T-BE",2,"tracking","T.","BE","male","1938-01-01",1,NULL,NULL,0,NULL,NULL
NULL,NULL,NULL,801,1,"U-BE",3,"tracking","U.","BE","male","1963-01-01",1,NULL,NULL,0,NULL,NULL
NULL,NULL,NULL,802,1,"V-BE",1,"tracking","V.","BE","male","1956-01-01",1,NULL,NULL,0,NULL,NULL
NULL,NULL,NULL,803,1,"W-BE",2,"tracking","W.","BE","male","1960-01-01",1,NULL,NULL,0,NULL,NULL
NULL,NULL,NULL,804,1,"X-BE",3,"tracking","X.","BE","male","1950-01-01",1,NULL,NULL,0,NULL,NULL
NULL,NULL,NULL,805,1,"Y-BE",1,"tracking","Y.","BE","male","1953-01-01",1,NULL,NULL,0,NULL,NULL
NULL,NULL,NULL,806,1,"Z-BE",2,"tracking","Z.","BE","female","1947-01-01",1,NULL,NULL,0,NULL,NULL
NULL,NULL,NULL,807,1,"A-BF",3,"tracking","A.","BF","female","1943-01-01",1,NULL,NULL,0,"2010-01-01",NULL
NULL,NULL,NULL,808,1,"B-BF",1,"tracking","B.","BF","female","1929-01-01",1,NULL,NULL,0,"2010-07-01",NULL
NULL,NULL,NULL,809,1,"C-BF",2,"tracking","C.","BF","female","1947-01-01",1,NULL,NULL,0,"2011-01-01",NULL
NULL,NULL,NULL,810,1,"D-BF",3,"tracking","D.","BF","female","1964-01-01",1,"deceased",NULL,0,NULL,NULL
NULL,NULL,NULL,811,1,"E-BF",1,"tracking","E.","BF","female","1945-01-01",1,NULL,"en",0,NULL,NULL
NULL,NULL,NULL,812,1,"F-BF",2,"tracking","F.","BF","female","1937-01-01",1,NULL,"fr",0,NULL,NULL
NULL,NULL,NULL,813,1,"G-BF",3,"tracking","G.","BF","male","1947-01-01",1,NULL,NULL,0,NULL,NULL
NULL,NULL,NULL,814,1,"H-BF",1,"tracking","H.","BF","male","1953-01-01",1,NULL,NULL,0,NULL,NULL
NULL,NULL,NULL,815,1,"I-BF",2,"tracking","I.","BF","male","1926-01-01",1,NULL,NULL,0,NULL,NULL
NULL,NULL,NULL,816,1,"J-BF",3,"tracking","J.","BF","male","1941-01-01",1,NULL,NULL,0,NULL,NULL
NULL,NULL,NULL,817,1,"K-BF",1,"tracking","K.","BF","male","1937-01-01",1,NULL,NULL,0,NULL,NULL
NULL,NULL,NULL,818,1,"L-BF",2,"tracking","L.","BF","male","1941-01-01",1,NULL,NULL,0,NULL,NULL
NULL,NULL,NULL,819,1,"M-BF",3,"tracking","M.","BF","male","1955-01-01",1,NULL,NULL,0,NULL,NULL
NULL,NULL,NULL,820,1,"N-BF",1,"tracking","N.","BF","female","1948-01-01",1,NULL,NULL,0,NULL,NULL
NULL,NULL,NULL,821,1,"O-BF",2,"tracking","O.","BF","female","1951-01-01",1,NULL,NULL,0,NULL,NULL
NULL,NULL,NULL,822,1,"P-BF",3,"tracking","P.","BF","female","1932-01-01",1,NULL,NULL,0,NULL,NULL
NULL,NULL,NULL,823,1,"Q-BF",1,"tracking","Q.","BF","female","1931-01-01",1,NULL,NULL,0,NULL,NULL
NULL,NULL,NULL,824,1,"R-BF",2,"tracking","R.","BF","female","1958-01-01",1,NULL,NULL,0,NULL,NULL
NULL,NULL,NULL,825,1,"S-BF",3,"tracking","S.","BF","female","1955-01-01",1,NULL,NULL,0,NULL,NULL
NULL,NULL,NULL,826,1,"T-BF",1,"tracking","T.","BF","female","1936-01-01",1,NULL,NULL,0,NULL,NULL
NULL,NULL,NULL,827,1,"U-BF",2,"tracking","U.","BF","male","1949-01-01",1,NULL,NULL,0,NULL,NULL
NULL,NULL,NULL,828,1,"V-BF",3,"tracking","V.","BF","male","1963-01-01",1,NULL,NULL,0,NULL,NULL
NULL,NULL,NULL,829,1,"W-BF",1,"tracking","W.","BF","male","1954-01-01",1,NULL,NULL,0,NULL,NULL
NULL,NULL,NULL,830,1,"X-BF",2,"tracking","X.","BF","male","1948-01-01",1,NULL,NULL,0,NULL,NULL
NULL,NULL,NULL,831,1,"Y-BF",3,"tracking","Y.","BF","male","1935-01-01",1,NULL,NULL,0,NULL,NULL
NULL,NULL,NULL,832,1,"Z-BF",1,"tracking","Z.","BF","male","1951-01-01",1,NULL,NULL,0,NULL,NULL
NULL,NULL,NULL,833,1,"A-BG",2,"tracking","A.","BG","male","1939-01-01",1,NULL,NULL,0,"2010-01-01",NULL
NULL,NULL,NULL,834,1,"B-BG",3,"tracking","B.","BG","female","1928-01-01",1,NULL,NULL,0,"2010-07-01",NULL
NULL,NULL,NULL,835,1,"C-BG",1,"tracking","C.","BG","female","1935-01-01",1,NULL,NULL,0,"2011-01-01",NULL
NULL,NULL,NULL,836,1,"D-BG",2,"tracking","D.","BG","female","1966-01-01",1,"deceased",NULL,0,NULL,NULL
NULL,NULL,NULL,837,1,"E-BG",3,"tracking","E.","BG","female","1961-01-01",1,NULL,"en",0,NULL,NULL
NULL,NULL,NULL,838,1,"F-BG",1,"tracking","F.","BG","female","1929-01-01",1,NULL,"fr",0,NULL,NULL
NULL,NULL,NULL,839,1,"G-BG",2,"tracking","G.","BG","female","1937-01-01",1,NULL,NULL,0,NULL,NULL
NULL,NULL,NULL,840,1,"H-BG",3,"tracking","H.","BG","female","1964-01-01",1,NULL,NULL,0,NULL,NULL
NULL,NULL,NULL,841,1,"I-BG",1,"tracking","I.","BG","male","1932-01-01",1,NULL,NULL,0,NULL,NULL
NULL,NULL,NULL,842,1,"J-BG",2,"tracking","J.","BG","male","1948-01-01",1,NULL,NULL,0,NULL,NULL
NULL,NULL,NULL,843,1,"K-BG",3,"tracking","K.","BG","male","1948-01-01",1,NULL,NULL,0,NULL,NULL
NULL,NULL,NULL,844,1,"L-BG",1,"tracking","L.","BG","male","1952-01-01",1,NULL,NULL,0,NULL,NULL
NULL,NULL,NULL,845,1,"M-BG",2,"tracking","M.","BG","male","1940-01-01",1,NULL,NULL,0,NULL,NULL
NULL,NULL,NULL,846,1,"N-BG",3,"tracking","N.","BG","male","1936-01-01",1,NULL,NULL,0,NULL,NULL
NULL,NULL,NULL,847,1,"O-BG",1,"tracking","O.","BG","male","1930-01-01",1,NULL,NULL,0,NULL,NULL
NULL,NULL,NULL,848,1,"P-BG",2,"tracking","P.","BG","female","1945-01-01",1,NULL,NULL,0,NULL,NULL
NULL,NULL,NULL,849,1,"Q-BG",3,"tracking","Q.","BG","female","1956-01-01",1,NULL,NULL,0,NULL,NULL
NULL,NULL,NULL,850,1,"R-BG",1,"tracking","R.","BG","female","1948-01-01",1,NULL,NULL,0,NULL,NULL
NULL,NULL,NULL,851,1,"S-BG",2,"tracking","S.","BG","female","1952-01-01",1,NULL,NULL,0,NULL,NULL
NULL,NULL,NULL,852,1,"T-BG",3,"tracking","T.","BG","female","1963-01-01",1,NULL,NULL,0,NULL,NULL
NULL,NULL,NULL,853,1,"U-BG",1,"tracking","U.","BG","female","1953-01-01",1,NULL,NULL,0,NULL,NULL
NULL,NULL,NULL,854,1,"V-BG",2,"tracking","V.","BG","female","1960-01-01",1,NULL,NULL,0,NULL,NULL
NULL,NULL,NULL,855,1,"W-BG",3,"tracking","W.","BG","male","1941-01-01",1,NULL,NULL,0,NULL,NULL
NULL,NULL,NULL,856,1,"X-BG",1,"tracking","X.","BG","male","1927-01-01",1,NULL,NULL,0,NULL,NULL
NULL,NULL,NULL,857,1,"Y-BG",2,"tracking","Y.","BG","male","1947-01-01",1,NULL,NULL,0,NULL,NULL
NULL,NULL,NULL,858,1,"Z-BG",3,"tracking","Z.","BG","male","1943-01-01",1,NULL,NULL,0,NULL,NULL
NULL,NULL,NULL,859,1,"A-BH",1,"tracking","A.","BH","male","1955-01-01",1,NULL,NULL,0,"2010-01-01",NULL
NULL,NULL,NULL,860,1,"B-BH",2,"tracking","B.","BH","male","1949-01-01",1,NULL,NULL,0,"2010-07-01",NULL
NULL,NULL,NULL,861,1,"C-BH",3,"tracking","C.","BH","male","1934-01-01",1,NULL,NULL,0,"2011-01-01",NULL
NULL,NULL,NULL,862,1,"D-BH",1,"tracking","D.","BH","female","1955-01-01",1,"deceased",NULL,0,NULL,NULL
NULL,NULL,NULL,863,1,"E-BH",2,"tracking","E.","BH","female","1960-01-01",1,NULL,"en",0,NULL,NULL
NULL,NULL,NULL,864,1,"F-BH",3,"tracking","F.","BH","female","1949-01-01",1,NULL,"fr",0,NULL,NULL
NULL,NULL,NULL,865,1,"G-BH",1,"tracking","G.","BH","female","1941-01-01",1,NULL,NULL,0,NULL,NULL
NULL,NULL,NULL,866,1,"H-BH",2,"tracking","H.","BH","female","1940-01-01",1,NULL,NULL,0,NULL,NULL
NULL,NULL,NULL,867,1,"I-BH",3,"tracking","I.","BH","female","1938-01-01",1,NULL,NULL,0,NULL,NULL
NULL,NULL,NULL,868,1,"J-BH",1,"tracking","J.","BH","female","1936-01-01",1,NULL,NULL,0,NULL,NULL
NULL,NULL,NULL,869,1,"K-BH",2,"tracking","K.","BH","male","1943-01-01",1,NULL,NULL,0,NULL,NULL
NULL,NULL,NULL,870,1,"L-BH",3,"tracking","L.","BH","male","1949-01-01",1,NULL,NULL,0,NULL,NULL
NULL,NULL,NULL,871,1,"M-BH",1,"tracking","M.","BH","male","1934-01-01",1,NULL,NULL,0,NULL,NULL
NULL,NULL,NULL,872,1,"N-BH",2,"tracking","N.","BH","male","1949-01-01",1,NULL,NULL,0,NULL,NULL
NULL,NULL,NULL,873,1,"O-BH",3,"tracking","O.","BH","male","1931-01-01",1,NULL,NULL,0,NULL,NULL
NULL,NULL,NULL,874,1,"P-BH",1,"tracking","P.","BH","male","1956-01-01",1,NULL,NULL,0,NULL,NULL
NULL,NULL,NULL,875,1,"Q-BH",2,"tracking","Q.","BH","male","1934-01-01",1,NULL,NULL,0,NULL,NULL
NULL,NULL,NULL,876,1,"R-BH",3,"tracking","R.","BH","female","1941-01-01",1,NULL,NULL,0,NULL,NULL
NULL,NULL,NULL,877,1,"S-BH",1,"tracking","S.","BH","female","1956-01-01",1,NULL,NULL,0,NULL,NULL
NULL,NULL,NULL,878,1,"T-BH",2,"tracking","T.","BH","female","1938-01-01",1,NULL,NULL,0,NULL,NULL
NULL,NULL,NULL,879,1,"U-BH",3,"tracking","U.","BH","female","1935-01-01",1,NULL,NULL,0,NULL,NULL
NULL,NULL,NULL,880,1,"V-BH",1,"tracking","V.","BH","female","1950-01-01",1,NULL,NULL,0,NULL,NULL
NULL,NULL,NULL,881,1,"W-BH",2,"tracking","W.","BH","female","1951-01-01",1,NULL,NULL,0,NULL,NULL
NULL,NULL,NULL,882,1,"X-BH",3,"tracking","X.","BH","female","1934-01-01",1,NULL,NULL,0,NULL,NULL
NULL,NULL,NULL,883,1,"Y-BH",1,"tracking","Y.","BH","male","1939-01-01",1,NULL,NULL,0,NULL,NULL
NULL,NULL,NULL,884,1,"Z-BH",2,"tracking","Z.","BH","male","1936-01-01",1,NULL,NULL,0,NULL,NULL
NULL,NULL,NULL,885,1,"A-BI",3,"tracking","A.","BI","male","1950-01-01",1,NULL,NULL,0,"2010-01-01",NULL
NULL,NULL,NULL,886,1,"B-BI",1,"tracking","B.","BI","male","1948-01-01",1,NULL,NULL,0,"2010-07-01",NULL
NULL,NULL,NULL,887,1,"C-BI",2,"tracking","C.","BI","male","1928-01-01",1,NULL,NULL,0,"2011-01-01",NULL
NULL,NULL,NULL,888,1,"D-BI",3,"tracking","D.","BI","male","1929-01-01",1,"deceased",NULL,0,NULL,NULL
NULL,NULL,NULL,889,1,"E-BI",1,"tracking","E.","BI","male","1937-01-01",1,NULL,"en",0,NULL,NULL
NULL,NULL,NULL,890,1,"F-BI",2,"tracking","F.","BI","female","1951-01-01",1,NULL,"fr",0,NULL,NULL
NULL,NULL,NULL,891,1,"G-BI",3,"tracking","G.","BI","female","1946-01-01",1,NULL,NULL,0,NULL,NULL
NULL,NULL,NULL,892,1,"H-BI",1,"tracking","H.","BI","female","1958-01-01",1,NULL,NULL,0,NULL,NULL
NULL,NULL,NULL,893,1,"I-BI",2,"tracking","I.","BI","female","1953-01-01",1,NULL,NULL,0,NULL,NULL
NULL,NULL,NULL,894,1,"J-BI",3,"tracking","J.","BI","female","1944-01-01",1,NULL,NULL,0,NULL,NULL
NULL,NULL,NULL,895,1,"K-BI",1,"tracking","K.","BI","female","1931-01-01",1,NULL,NULL,0,NULL,NULL
NULL,NULL,NULL,896,1,"L-BI",2,"tracking","L.","BI","female","1947-01-01",1,NULL,NULL,0,NULL,NULL
NULL,NULL,NULL,897,1,"M-BI",3,"tracking","M.","BI","male","1944-01-01",1,NULL,NULL,0,NULL,NULL
NULL,NULL,NULL,898,1,"N-BI",1,"tracking","N.","BI","male","1933-01-01",1,NULL,NULL,0,NULL,NULL
NULL,NULL,NULL,899,1,"O-BI",2,"tracking","O.","BI","male","1933-01-01",1,NULL,NULL,0,NULL,NULL
NULL,NULL,NULL,900,1,"P-BI",3,"tracking","P.","BI","male","1931-01-01",1,NULL,NULL,0,NULL,NULL
NULL,NULL,NULL,901,1,"Q-BI",1,"tracking","Q.","BI","male","1933-01-01",1,NULL,NULL,0,NULL,NULL
NULL,NULL,NULL,902,1,"R-BI",2,"tracking","R.","BI","male","1944-01-01",1,NULL,NULL,0,NULL,NULL
NULL,NULL,NULL,903,1,"S-BI",3,"tracking","S.","BI","male","1940-01-01",1,NULL,NULL,0,NULL,NULL
NULL,NULL,NULL,904,1,"T-BI",1,"tracking","T.","BI","female","1953-01-01",1,NULL,NULL,0,NULL,NULL
NULL,NULL,NULL,905,1,"U-BI",2,"tracking","U.","BI","female","1927-01-01",1,NULL,NULL,0,NULL,NULL
NULL,NULL,NULL,906,1,"V-BI",3,"tracking","V.","BI","female","1955-01-01",1,NULL,NULL,0,NULL,NULL
NULL,NULL,NULL,907,1,"W-BI",1,"tracking","W.","BI","female","1928-01-01",1,NULL,NULL,0,NULL,NULL
NULL,NULL,NULL,908,1,"X-BI",2,"tracking","X.","BI","female","1957-01-01",1,NULL,NULL,0,NULL,NULL
NULL,NULL,NULL,909,1,"Y-BI",3,"tracking","Y.","BI","female","1926-01-01",1,NULL,NULL,0,NULL,NULL
NULL,NULL,NULL,910,1,"Z-BI",1,"tracking","Z.","BI","female","1937-01-01",1,NULL,NULL,0,NULL,NULL
NULL,NULL,NULL,911,1,"A-BJ",2,"tracking","A.","BJ","male","1941-01-01",1,NULL,NULL,0,"2010-01-01",NULL
NULL,NULL,NULL,912,1,"B-BJ",3,"tracking","B.","BJ","male","1951-01-01",1,NULL,NULL,0,"2010-07-01",NULL
NULL,NULL,NULL,913,1,"C-BJ",1,"tracking","C.","BJ","male","1945-01-01",1,NULL,NULL,0,"2011-01-01",NULL
NULL,NULL,NULL,914,1,"D-BJ",2,"tracking","D.","BJ","male","1955-01-01",1,"deceased",NULL,0,NULL,NULL
NULL,NULL,NULL,915,1,"E-BJ",3,"tracking","E.","BJ","male","1959-01-01",1,NULL,"en",0,NULL,NULL
NULL,NULL,NULL,916,1,"F-BJ",1,"tracking","F.","BJ","male","1952-01-01",1,NULL,"fr",0,NULL,NULL
NULL,NULL,NULL,917,1,"G-BJ",2,"tracking","G.","BJ","male","1963-01-01",1,NULL,NULL,0,NULL,NULL
NULL,NULL,NULL,918,1,"H-BJ",3,"tracking","H.","BJ","female","1952-01-01",1,NULL,NULL,0,NULL,NULL
NULL,NULL,NULL,919,1,"I-BJ",1,"tracking","I.","BJ","female","1949-01-01",1,NULL,NULL,0,NULL,NULL
NULL,NULL,NULL,920,1,"J-BJ",2,"tracking","J.","BJ","female","1946-01-01",1,NULL,NULL,0,NULL,NULL
NULL,NULL,NULL,921,1,"K-BJ",3,"tracking","K.","BJ","female","1938-01-01",1,NULL,NULL,0,NULL,NULL
NULL,NULL,NULL,922,1,"L-BJ",1,"tracking","L.","BJ","female","1931-01-01",1,NULL,NULL,0,NULL,NULL
NULL,NULL,NULL,923,1,"M-BJ",2,"tracking","M.","BJ","female","1962-01-01",1,NULL,NULL,0,NULL,NULL
NULL,NULL,NULL,924,1,"N-BJ",3,"tracking","N.","BJ","female","1933-01-01",1,NULL,NULL,0,NULL,NULL
NULL,NULL,NULL,925,1,"O-BJ",1,"tracking","O.","BJ","male","1963-01-01",1,NULL,NULL,0,NULL,NULL
NULL,NULL,NULL,926,1,"P-BJ",2,"tracking","P.","BJ","male","1959-01-01",1,NULL,NULL,0,NULL,NULL
NULL,NULL,NULL,927,1,"Q-BJ",3,"tracking","Q.","BJ","male","1960-01-01",1,NULL,NULL,0,NULL,NULL
NULL,NULL,NULL,928,1,"R-BJ",1,"tracking","R.","BJ","male","1939-01-01",1,NULL,NULL,0,NULL,NULL
NULL,NULL,NULL,929,1,"S-BJ",2,"tracking","S.","BJ","male","1965-01-01",1,NULL,NULL,0,NULL,NULL
NULL,NULL,NULL,930,1,"T-BJ",3,"tracking","T.","BJ","male","1955-01-01",1,NULL,NULL,0,NULL,NULL
NULL,NULL,NULL,931,1,"U-BJ",1,"tracking","U.","BJ","male","1951-01-01",1,NULL,NULL,0,NULL,NULL
NULL,NULL,NULL,932,1,"V-BJ",2,"tracking","V.","BJ","female","1942-01-01",1,NULL,NULL,0,NULL,NULL
NULL,NULL,NULL,933,1,"W-BJ",3,"tracking","W.","BJ","female","1935-01-01",1,NULL,NULL,0,NULL,NULL
NULL,NULL,NULL,934,1,"X-BJ",1,"tracking","X.","BJ","female","1958-01-01",1,NULL,NULL,0,NULL,NULL
NULL,NULL,NULL,935,1,"Y-BJ",2,"tracking","Y.","BJ","female","1945-01-01",1,NULL,NULL,0,NULL,NULL
NULL,NULL,NULL,936,1,"Z-BJ",3,"tracking","Z.","BJ","female","1955-01-01",1,NULL,NULL,0,NULL,NULL
NULL,NULL,NULL,937,1,"A-BK",1,"tracking","A.","BK","female","1948-01-01",1,NULL,NULL,0,"2010-01-01",NULL
NULL,NULL,NULL,938,1,"B-BK",2,"tracking","B.","BK","female","1943-01-01",1,NULL,NULL,0,"2010-07-01",NULL
NULL,NULL,NULL,939,1,"C-BK",3,"tracking","C.","BK","male","1947-01-01",1,NULL,NULL,0,"2011-01-01",NULL
NULL,NULL,NULL,940,1,"D-BK",1,"tracking","D.","BK","male","1929-01-01",1,"deceased",NULL,0,NULL,NULL
NULL,NULL,NULL,941,1,"E-BK",2,"tracking","E.","BK","male","1964-01-01",1,NULL,"en",0,NULL,NULL
NULL,NULL,NULL,942,1,"F-BK",3,"tracking","F.","BK","male","1939-01-01",1,NULL,"fr",0,NULL,NULL
NULL,NULL,NULL,943,1,"G-BK",1,"tracking","G.","BK","male","1959-01-01",1,NULL,NULL,0,NULL,NULL
NULL,NULL,NULL,944,1,"H-BK",2,"tracking","H.","BK","male","1926-01-01",1,NULL,NULL,0,NULL,NULL
NULL,NULL,NULL,945,1,"I-BK",3,"tracking","I.","BK","male","1928-01-01",1,NULL,NULL,0,NULL,NULL
NULL,NULL,NULL,946,1,"J-BK",1,"tracking","J.","BK","female","1952-01-01",1,NULL,NULL,0,NULL,NULL
NULL,NULL,NULL,947,1,"K-BK",2,"tracking","K.","BK","female","1952-01-01",1,NULL,NULL,0,NULL,NULL
NULL,NULL,NULL,948,1,"L-BK",3,"tracking","L.","BK","female","1966-01-01",1,NULL,NULL,0,NULL,NULL
NULL,NULL,NULL,949,1,"M-BK",1,"tracking","M.","BK","female","1938-01-01",1,NULL,NULL,0,NULL,NULL
NULL,NULL,NULL,950,1,"N-BK",2,"tracking","N.","BK","female","1935-01-01",1,NULL,NULL,0,NULL,NULL
NULL,NULL,NULL,951,1,"O-BK",3,"tracking","O.","BK","female","1946-01-01",1,NULL,NULL,0,NULL,NULL
NULL,NULL,NULL,952,1,"P-BK",1,"tracking","P.","BK","female","1949-01-01",1,NULL,NULL,0,NULL,NULL
NULL,NULL,NULL,953,1,"Q-BK",2,"tracking","Q.","BK","male","1940-01-01",1,NULL,NULL,0,NULL,NULL
NULL,NULL,NULL,954,1,"R-BK",3,"tracking","R.","BK","male","1961-01-01",1,NULL,NULL,0,NULL,NULL
NULL,NULL,NULL,955,1,"S-BK",1,"tracking","S.","BK","male","1939-01-01",1,NULL,NULL,0,NULL,NULL
NULL,NULL,NULL,956,1,"T-BK",2,"tracking","T.","BK","male","1957-01-01",1,NULL,NULL,0,NULL,NULL
NULL,NULL,NULL,957,1,"U-BK",3,"tracking","U.","BK","male","1949-01-01",1,NULL,NULL,0,NULL,NULL
NULL,NULL,NULL,958,1,"V-BK",1,"tracking","V.","BK","male","1965-01-01",1,NULL,NULL,0,NULL,NULL
NULL,NULL,NULL,959,1,"W-BK",2,"tracking","W.","BK","male","1936-01-01",1,NULL,NULL,0,NULL,NULL
NULL,NULL,NULL,960,1,"X-BK",3,"tracking","X.","BK","female","1947-01-01",1,NULL,NULL,0,NULL,NULL
NULL,NULL,NULL,961,1,"Y-BK",1,"tracking","Y.","BK","female","1964-01-01",1,NULL,NULL,0,NULL,NULL
NULL,NULL,NULL,962,1,"Z-BK",2,"tracking","Z.","BK","female","1928-01-01",1,NULL,NULL,0,NULL,NULL
NULL,NULL,NULL,963,1,"A-BL",3,"tracking","A.","BL","female","1951-01-01",1,NULL,NULL,0,"2010-01-01",NULL
NULL,NULL,NULL,964,1,"B-BL",1,"tracking","B.","BL","female","1934-01-01",1,NULL,NULL,0,"2010-07-01",NULL
NULL,NULL,NULL,965,1,"C-BL",2,"tracking","C.","BL","female","1959-01-01",1,NULL,NULL,0,"2011-01-01",NULL
NULL,NULL,NULL,966,1,"D-BL",3,"tracking","D.","BL","female","1963-01-01",1,"deceased",NULL,0,NULL,NULL
NULL,NULL,NULL,967,1,"E-BL",1,"tracking","E.","BL","male","1948-01-01",1,NULL,"en",0,NULL,NULL
NULL,NULL,NULL,968,1,"F-BL",2,"tracking","F.","BL","male","1952-01-01",1,NULL,"fr",0,NULL,NULL
NULL,NULL,NULL,969,1,"G-BL",3,"tracking","G.","BL","male","1948-01-01",1,NULL,NULL,0,NULL,NULL
NULL,NULL,NULL,970,1,"H-BL",1,"tracking","H.","BL","male","1942-01-01",1,NULL,NULL,0,NULL,NULL
NULL,NULL,NULL,971,1,"I-BL",2,"tracking","I.","BL","male","1961-01-01",1,NULL,NULL,0,NULL,NULL
NULL,NULL,NULL,972,1,"J-BL",3,"tracking","J.","BL","male","1958-01-01",1,NULL,NULL,0,NULL,NULL
NULL,NULL,NULL,973,1,"K-BL",1,"tracking","K.","BL","male","1964-01-01",1,NULL,NULL,0,NULL,NULL
NULL,NULL,NULL,974,1,"L-BL",2,"tracking","L.","BL","female","1954-01-01",1,NULL,NULL,0,NULL,NULL
NULL,NULL,NULL,975,1,"M-BL",3,"tracking","M.","BL","female","1942-01-01",1,NULL,NULL,0,NULL,NULL
NULL,NULL,NULL,976,1,"N-BL",1,"tracking","N.","BL","female","1932-01-01",1,NULL,NULL,0,NULL,NULL
NULL,NULL,NULL,977,1,"O-BL",2,"tracking","O.","BL","female","1961-01-01",1,NULL,NULL,0,NULL,NULL
NULL,NULL,NULL,978,1,"P-BL",3,"tracking","P.","BL","female","1938-01-01",1,NULL,NULL,0,NULL,NULL
NULL,NULL,NULL,979,1,"Q-BL",1,"tracking","Q.","BL","female","1942-01-01",1,NULL,NULL,0,NULL,NULL
NULL,NULL,NULL,980,1,"R-BL",2,"tracking","R.","BL","female","1946-01-01",1,NULL,NULL,0,NULL,NULL
NULL,NULL,NULL,981,1,"S-BL",3,"tracking","S.","BL","male","1933-01-01",1,NULL,NULL,0,NULL,NULL
NULL,NULL,NULL,982,1,"T-BL",1,"tracking","T.","BL","male","1929-01-01",1,NULL,NULL,0,NULL,NULL
NULL,NULL,NULL,983,1,"U-BL",2,"tracking","U.","BL","male","1946-01-01",1,NULL,NULL,0,NULL,NULL
NULL,NULL,NULL,984,1,"V-BL",3,"tracking","V.","BL","male","1956-01-01",1,NULL,NULL,0,NULL,NULL
NULL,NULL,NULL,985,1,"W-BL",1,"tracking","W.","BL","male","1965-01-01",1,NULL,NULL,0,NULL,NULL
NULL,NULL,NULL,986,1,"X-BL",2,"tracking","X.","BL","male","1959-01-01",1,NULL,NULL,0,NULL,NULL
NULL,NULL,NULL,987,1,"Y-BL",3,"tracking","Y.","BL","male","1947-01-01",1,NULL,NULL,0,NULL,NULL
NULL,NULL,NULL,988,1,"Z-BL",1,"tracking","Z.","BL","female","1947-01-01",1,NULL,NULL,0,NULL,NULL
NULL,NULL,NULL,989,1,"A-BM",2,"tracking","A.","BM","female","1958-01-01",1,NULL,NULL,0,"2010-01-01",NULL
NULL,NULL,NULL,990,1,"B-BM",3,"tracking","B.","BM","female","1957-01-01",1,NULL,NULL,0,"2010-07-01",NULL
NULL,NULL,NULL,991,1,"C-BM",1,"tracking","C.","BM","female","1928-01-01",1,NULL,NULL,0,"2011-01-01",NULL
NULL,NULL,NULL,992,1,"D-BM",2,"tracking","D.","BM","female","1956-01-01",1,"deceased",NULL,0,NULL,NULL
NULL,NULL,NULL,993,1,"E-BM",3,"tracking","E.","BM","female","1933-01-01",1,NULL,"en",0,NULL,NULL
NULL,NULL,NULL,994,1,"F-BM",1,"tracking","F.","BM","female","1962-01-01",1,NULL,"fr",0,NULL,NULL
NULL,NULL,NULL,995,1,"G-BM",2,"tracking","G.","BM","male","1937-01-01",1,NULL,NULL,0,NULL,NULL
NULL,NULL,NULL,996,1,"H-BM",3,"tracking","H.","BM","male","1951-01-01",1,NULL,NULL,0,NULL,NULL
NULL,NULL,NULL,997,1,"I-BM",1,"tracking","I.","BM","male","1961-01-01",1,NULL,NULL,0,NULL,NULL
NULL,NULL,NULL,998,1,"J-BM",2,"tracking","J.","BM","male","1953-01-01",1,NULL,NULL,0,NULL,NULL
NULL,NULL,NULL,999,1,"K-BM",3,"tracking","K.","BM","male","1966-01-01",1,NULL,NULL,0,NULL,NULL
NULL,NULL,NULL,1000,1,"L-BM",1,"tracking","L.","BM","male","1949-01-01",1,NULL,NULL,0,NULL,NULL
